subject_id,oxphos_>_complex_iii_>_ciii_subunits,metabolism_>_metals_and_cofactors_>_heme_containing_proteins,metabolism_>_electron_carriers_>_cytochromes,oxphos_>_oxphos_subunits,oxphos_>_complex_ii_>_cii_subunits,metabolism_>_carbohydrate_metabolism_>_tca_cycle,metabolism_>_metals_and_cofactors_>_fe_s_containing_proteins,metabolism_>_metals_and_cofactors_>_coenzyme_q_metabolism,protein_import,sorting_and_homeostasis_>_protein_import_and_sorting_>_preprotein_cleavage,metabolism_>_carbohydrate_metabolism_>_pyruvate_metabolism,mitochondrial_central_dogma_>_mtrna_metabolism_>_transcription,mitochondrial_central_dogma_>_translation_>_mitochondrial_ribosome,oxphos_>_complex_v_>_cv_subunits,oxphos_>_complex_iv_>_civ_subunits,metabolism_>_metals_and_cofactors_>_fe_s_cluster_biosynthesis,sorting_and_homeostasis_>_protein_homeostasis_>_proteases,metabolism_>_amino_acid_metabolism_>_branched_chain_amino_acid_metabolism,metabolism_>_amino_acid_metabolism_>_branched_chain_amino_acid_dehydrogenase_complex,metabolism_>_carbohydrate_metabolism_>_gluconeogenesis,metabolism_>_carbohydrate_metabolism_>_malate_aspartate_shuttle,sorting_and_homeostasis_>_protein_import_and_sorting_>_import_motor,mitochondrial_central_dogma_>_mtrna_metabolism_>_mtrna_stability_and_decay,mitochondrial_central_dogma_>_translation,metabolism_>_amino_acid_metabolism_>_lysine_metabolism,mitochondrial_central_dogma_>_translation_>_translation_factors,metabolism_>_carbohydrate_metabolism_>_tca_associated,small_molecule_transport,oxphos_>_complex_i_>_ci_subunits,metabolism_>_metals_and_cofactors_>_copper_metabolism,signaling_>_calcium_homeostasis_>_calcium_cycle,small_molecule_transport_>_slc25a_family,oxphos_>_complex_ii_>_cii_assembly_factors,oxphos_>_oxphos_assembly_factors,metabolism_>_carbohydrate_metabolism_>_itaconate_metabolism,metabolism_>_nucleotide_metabolism_>_nucleotide_synthesis_and_processing,mitochondrial_central_dogma_>_translation_>_mt_trna_synthetases,oxphos_>_complex_iv_>_civ_assembly_factors,metabolism_>_lipid_metabolism_>_fatty_acid_oxidation,metabolism_>_amino_acid_metabolism_>_glycine_metabolism,metabolism_>_vitamin_metabolism_>_choline_and_betaine_metabolism,metabolism_>_electron_carriers_>_q_linked_reactions,other,sorting_and_homeostasis_>_protein_homeostasis_>_chaperones,sorting_and_homeostasis_>_protein_import_and_sorting,oxphos_>_respirasome_assembly,metabolism_>_metals_and_cofactors_>_heme_synthesis_and_processing,metabolism_>_lipid_metabolism_>_cardiolipin_synthesis,metabolism_>_metals_and_cofactors_>_carnitine_synthesis_and_transport,metabolism_>_metals_and_cofactors_>_carnitine_shuttle,mitochondrial_dynamics_and_surveillance_>_cristae_formation,mitochondrial_dynamics_and_surveillance_>_fusion,metabolism_>_amino_acid_metabolism_>_glycine_cleavage_system,sorting_and_homeostasis_>_protein_import_and_sorting_>_mia40,oxphos_>_complex_i_>_ci_assembly_factors,mitochondrial_dynamics_and_surveillance_>_apoptosis,0,mitochondrial_dynamics_and_surveillance_>_cristae_formation_>_micos_complex,metabolism_>_nucleotide_metabolism_>_nucleotide_import,signaling_>_calcium_homeostasis_>_mitochondrial_permeability_transition_pore,sorting_and_homeostasis_>_protein_import_and_sorting_>_sam,mitochondrial_dynamics_and_surveillance_>_intramitochondrial_membrane_interactions,mitochondrial_central_dogma_>_mtrna_metabolism_>_mtrna_granules,metabolism_>_detoxification_>_ros_and_glutathione_metabolism,metabolism_>_vitamin_metabolism_>_vitamin_c_metabolism,mitochondrial_dynamics_and_surveillance_>_organelle_contact_sites,metabolism_>_carbohydrate_metabolism_>_ketone_metabolism,mitochondrial_central_dogma_>_translation_>_mitochondrial_ribosome_assembly,signaling_>_immune_response,oxphos_>_complex_iii_>_ciii_assembly_factors,mitochondrial_central_dogma_>_mtrna_metabolism_>_mt_rrna_modifications,metabolism_>_lipid_metabolism_>_type_ii_fatty_acid_synthesis,small_molecule_transport_>_abc_transporters,oxphos_>_complex_v_>_cv_assembly_factors,mitochondrial_central_dogma_>_mtdna_maintenance_>_mtdna_replication,mitochondrial_central_dogma_>_mtdna_maintenance_>_mtdna_nucleoid,metabolism_>_amino_acid_metabolism_>_gaba_metabolism,signaling,mitochondrial_central_dogma_>_mtrna_metabolism_>_mt_trna_modifications,metabolism_>_vitamin_metabolism_>_folate_and_1_c_metabolism,metabolism_>_lipid_metabolism_>_lipoate_insertion,metabolism_>_lipid_metabolism_>_cholesterol,bile_acid,steroid_synthesis,metabolism_>_vitamin_metabolism_>_vitamin_d_metabolism,metabolism_>_lipid_metabolism,sorting_and_homeostasis_>_protein_import_and_sorting_>_tim23_presequence_pathway,metabolism_>_metals_and_cofactors_>_coenzyme_a_metabolism,sorting_and_homeostasis_>_protein_import_and_sorting_>_tom,mitochondrial_dynamics_and_surveillance_>_mitophagy,mitochondrial_dynamics_and_surveillance_>_autophagy,metabolism_>_amino_acid_metabolism_>_proline_metabolism,metabolism_>_amino_acid_metabolism_>_glyoxylate_metabolism,oxphos_>_cytochrome_c,metabolism_>_carbohydrate_metabolism_>_propanoate_metabolism,metabolism_>_vitamin_metabolism_>_biotin_utilizing_proteins,metabolism_>_sulfur_metabolism,metabolism_>_metals_and_cofactors_>_molybdenum_cofactor_synthesis_and_proteins,metabolism_>_detoxification_>_xenobiotic_metabolism,sorting_and_homeostasis_>_protein_import_and_sorting_>_tim22_carrier_pathway,metabolism_>_amino_acid_metabolism_>_glutamate_metabolism,signaling_>_calcium_homeostasis_>_ef_hand_proteins,metabolism_>_amino_acid_metabolism_>_urea_cycle,mitochondrial_central_dogma_>_mtdna_maintenance,mitochondrial_central_dogma_>_mtrna_metabolism,metabolism_>_nucleotide_metabolism,metabolism_>_vitamin_metabolism_>_vitamin_b1_metabolism,small_molecule_transport_>_calcium_uniporter,metabolism_>_carbohydrate_metabolism_>_glycerol_phosphate_shuttle,sorting_and_homeostasis_>_protein_homeostasis,metabolism_>_lipid_metabolism_>_phospholipid_metabolism,metabolism_>_lipid_metabolism_>_eicosanoid_metabolism,metabolism_>_detoxification_>_selenoproteins,metabolism_>_detoxification_>_amidoxime_reducing_complex,metabolism_>_vitamin_metabolism_>_vitamin_b12_metabolism,metabolism_>_metals_and_cofactors_>_nad_biosynthesis_and_metabolism,metabolism_>_detoxification,metabolism_>_nucleotide_metabolism_>_creatine_metabolism,metabolism_>_vitamin_metabolism_>_vitamin_a_metabolism,mitochondrial_central_dogma_>_mtrna_metabolism_>_polycistronic_mtrna_processing,metabolism_>_metals_and_cofactors_>_tetrahydrobiopterin_synthesis,signaling_>_camp_pka_signaling,metabolism_>_amino_acid_metabolism_>_serine_metabolism,small_molecule_transport_>_sideroflexins,metabolism_>_amino_acid_metabolism,mitochondrial_central_dogma_>_translation_>_fmet_processing,mitochondrial_dynamics_and_surveillance,mitochondrial_central_dogma_>_mtdna_maintenance_>_mtdna_stability_and_decay,metabolism_>_amino_acid_metabolism_>_kynurenine_metabolism,mitochondrial_dynamics_and_surveillance_>_trafficking,sorting_and_homeostasis_>_protein_import_and_sorting_>_oxa,mitochondrial_dynamics_and_surveillance_>_fission,metabolism_>_carbohydrate_metabolism,mitochondrial_central_dogma_>_mtdna_maintenance_>_mtdna_repair,metabolism_>_vitamin_metabolism_>_vitamin_b2_metabolism,metabolism_>_vitamin_metabolism_>_vitamin_b6_metabolism,mitochondrial_central_dogma_>_mtrna_metabolism_>_mt_mrna_modifications,metabolism_>_metals_and_cofactors_>_iron_homeostasis,metabolism_>_lipid_metabolism_>_cholesterol_associated,metabolism_>_amino_acid_metabolism_>_catechol_metabolism,mitochondrial_central_dogma_>_mtdna_maintenance_>_mtdna_modifications,disease
BIOKEY_1,0.0,-0.04242547,-0.04242547,0.082288735,0.0,-0.39148727,-0.040405903,0.0,-0.016892672,0.0,0.0,-0.08536849,-0.047103625,0.14464585,0.0,0.0,-0.043801494,0.017765861,0.0,0.0,0.0,0.0,-0.023293385,-0.073034965,0.0,-0.022162024,0.0,0.0022382634,0.0,0.0,0.0,-0.11690075,0.0,-0.014906401,0.0,0.0,-0.084462024,-0.005422917,0.017765861,0.0,0.0,0.0,0.0,0.0,-0.13153216,0.0,0.0,0.05900108,0.0,0.0,0.06771222,-0.09251314,0.0,-0.052840378,-0.052840378,-0.04309402,0.0,-0.20933442,-0.07166291,-0.026948335,-0.09413248,-0.047610417,-0.036650945,-0.03970999,0.0,-0.010891004,0.0,-0.010618305,-0.44545898,0.0,-0.07018408,0.0,0.0,0.0,-0.020475505,-0.017948262,0.0,0.022583071,-0.04977917,-0.04138476,0.0,0.017765861,0.017765861,0.017765861,0.0,0.0,-0.023018638,0.0,0.11424553,-0.015995914,-0.011917982,0.0,0.0,-0.04242547,0.0,0.0,0.0,0.0,0.0,0.0,0.0,-0.11632317,0.0,-0.060612325,-0.16293567,-0.22372854,0.0,0.0,0.0,0.022090018,-0.011666358,0.0,0.0,0.0,0.0,0.0,0.0,0.0,0.0,-0.022783238,0.0,0.0,0.0,0.0,0.0,-0.060429238,-0.027257636,-0.0049713734,0.0,-0.04696768,0.14169462,-0.03271983,0.0,-0.07727509,0.0,0.0,-0.1157379,0.0,0.0,0.0,-0.010155662,triple-negative breast carcinoma
BIOKEY_2,0.0,-0.16864099,-0.16864099,0.0041908594,0.0,-0.3914873,-0.07615047,0.0,-0.05312671,0.0,0.0,-0.08741132,-0.093050845,0.090606794,0.0,0.0,-0.11201498,-0.15177596,0.0,0.0,0.0,0.0,-0.070004806,-0.084471956,0.0,-0.08149212,0.0,-0.16932,0.0,0.0,0.0,-0.13397603,0.0,-0.0560836,0.0,0.0,-0.10763273,-0.04812987,-0.15177596,0.0,0.0,0.0,0.0,0.0,-0.16015439,0.0,0.0,0.09647174,0.0,0.0,0.027965365,-0.08085949,0.0,-0.087898545,-0.087898545,-0.091619566,0.0,-0.20812748,-0.08249641,-0.11595084,-0.16335861,-0.089997716,-0.06694366,-0.12946332,0.0,-0.06728197,0.0,-0.039112892,-0.44545898,0.0,-0.07430844,0.0,0.0,0.0,-0.04418495,-0.009994344,0.0,-0.10274328,-0.02915688,-0.03207086,0.0,-0.15177596,-0.15177596,-0.15177596,0.0,0.0,0.10008202,0.0,0.109690025,-0.101041414,-0.09667047,0.0,0.0,-0.16864099,0.0,0.0,0.0,0.0,0.0,0.0,0.0,-0.09960241,0.0,-0.008348338,-0.18028185,-0.1900702,0.0,0.0,0.0,-0.0075020525,-0.021929292,0.0,0.0,0.0,0.0,0.0,0.0,0.0,0.0,-0.064300366,0.0,0.0,0.0,0.0,0.0,-0.06778624,-0.03213444,-0.05981001,0.0,-0.1373878,0.17024557,-0.08526689,0.0,-0.09545645,0.0,0.0,-0.14163321,0.0,0.0,0.0,-0.05930582,triple-negative breast carcinoma
BIOKEY_3,0.0,-0.16335046,-0.16335046,0.16480233,0.0,-0.39148727,-0.034336094,0.0,0.008517114,0.0,0.0,0.014680199,0.0032506846,0.32887873,0.0,0.0,0.006522604,-0.07018397,0.0,0.0,0.0,0.0,0.030344877,-0.042745985,0.0,0.022762027,0.0,0.0030472674,0.0,0.0,0.0,-0.069150604,0.0,0.08935995,0.0,0.0,-0.050804894,0.11385021,-0.07018397,0.0,0.0,0.0,0.0,0.0,0.11050546,0.0,0.0,-0.07676884,0.0,0.0,0.22539702,0.051010564,0.0,-0.008601178,-0.008601178,-0.026550615,0.0,-0.17801356,-0.072791226,-0.05622156,-0.023214044,0.068855286,-0.010426746,-0.06164747,0.0,0.117024265,0.0,0.028621193,-0.44545895,0.0,-0.017147364,0.0,0.0,0.0,0.022516102,0.049387444,0.0,0.12525022,0.011391834,-0.034394655,0.0,-0.07018397,-0.07018397,-0.07018397,0.0,0.0,0.055043697,0.0,0.085371114,0.021150364,0.038474105,0.0,0.0,-0.16335046,0.0,0.0,0.0,0.0,0.0,0.0,0.0,0.09627247,0.0,-0.0756656,-0.19172442,-0.29792035,0.0,0.0,0.0,-0.023779351,0.13808317,0.0,0.0,0.0,0.0,0.0,0.0,0.0,0.0,0.018007949,0.0,0.0,0.0,0.0,0.0,-0.061613444,0.05247426,0.043468054,0.0,0.09308735,-0.03824647,0.04716838,0.0,-0.045825534,0.0,0.0,-0.06804048,0.0,0.0,0.0,-0.03534392,estrogen-receptor positive breast cancer
BIOKEY_4,0.0,0.00235745,0.00235745,0.21345857,0.0,-0.39148727,-0.028716313,0.0,0.08504078,0.0,0.0,-0.013759992,0.07824309,0.31900913,0.0,0.0,0.024638927,0.0599104,0.0,0.0,0.0,0.0,0.01914993,0.031051217,0.0,0.0778031,0.0,0.06373491,0.0,0.0,0.0,-0.041337162,0.0,0.14700903,0.0,0.0,-0.015037721,0.1329201,0.0599104,0.0,0.0,0.0,0.0,0.0,0.084242724,0.0,0.0,0.12443152,0.0,0.0,0.19909912,-0.043295432,0.0,0.2033648,0.2033648,-0.005577063,0.0,-0.17529781,0.0471013,0.04179715,-0.0075172563,0.017273588,0.044527788,-0.02265527,0.0,0.01575885,0.0,0.07805591,-0.44545898,0.0,0.015711868,0.0,0.0,0.0,0.030640319,0.06943804,0.0,-0.0155217005,0.054208707,0.029364856,0.0,0.0599104,0.0599104,0.0599104,0.0,0.0,0.05268413,0.0,0.16545087,-0.009780169,0.009729856,0.0,0.0,0.00235745,0.0,0.0,0.0,0.0,0.0,0.0,0.0,-0.02485467,0.0,0.011465707,-0.10070245,-0.15241255,0.0,0.0,0.0,0.129602,0.011847203,0.0,0.0,0.0,0.0,0.0,0.0,0.0,0.0,0.026315885,0.0,0.0,0.0,0.0,0.0,-0.0120858215,0.049886003,0.007506919,0.0,-0.10358923,0.3612936,0.0035808596,0.0,0.024799721,0.0,0.0,-0.07195196,0.0,0.0,0.0,-0.024762388,estrogen-receptor positive breast cancer
BIOKEY_5,0.0,-0.13264214,-0.13264214,0.10884755,0.0,-0.39148727,-0.093597434,0.0,-0.02221259,0.0,0.0,-0.10681203,-0.074197225,0.22959241,0.0,0.0,-0.07101717,-0.1912778,0.0,0.0,0.0,0.0,-0.0491675,-0.101608336,0.0,-0.04241948,0.0,-0.08450353,0.0,0.0,0.0,-0.102566525,0.0,-0.05062557,0.0,0.0,-0.11360404,-0.04731416,-0.1912778,0.0,0.0,0.0,0.0,0.0,-0.041351244,0.0,0.0,0.13292268,0.0,0.0,0.09221952,-0.08898339,0.0,-0.06387128,-0.06387128,-0.06418987,0.0,-0.24430528,-0.036015328,-0.08170302,-0.16051419,-0.072512485,-0.047725838,-0.13174927,0.0,-0.035339188,0.0,-0.0152039025,-0.44545898,0.0,-0.057694245,0.0,0.0,0.0,-0.060001753,-0.026241634,0.0,-0.054912288,-0.032509115,-0.053127922,0.0,-0.1912778,-0.1912778,-0.1912778,0.0,0.0,0.027574793,0.0,0.13721597,-0.06241281,-0.044684887,0.0,0.0,-0.13264214,0.0,0.0,0.0,0.0,0.0,0.0,0.0,-0.033284076,0.0,-0.059523556,-0.16577,-0.16340007,0.0,0.0,0.0,0.046014134,-0.12323991,0.0,0.0,0.0,0.0,0.0,0.0,0.0,0.0,-0.04128278,0.0,0.0,0.0,0.0,0.0,-0.101674646,-0.11419637,-0.058788747,0.0,-0.09550599,0.15357019,-0.030369855,0.0,-0.10841128,0.0,0.0,-0.11853297,0.0,0.0,0.0,0.06746228,estrogen-receptor positive breast cancer
BIOKEY_6,0.0,-0.2860711,-0.2860711,-0.12938702,0.0,-0.39148727,-0.07329444,0.0,-0.00870365,0.0,0.0,-0.025948532,-0.0013799107,-0.051044982,0.0,0.0,-0.07614564,0.08378471,0.0,0.0,0.0,0.0,0.0072280373,-0.0058072293,0.0,0.014571116,0.0,0.029217748,0.0,0.0,0.0,-0.12982166,0.0,0.0041226074,0.0,0.0,-0.0072224494,0.016633878,0.08378471,0.0,0.0,0.0,0.0,0.0,-0.058465153,0.0,0.0,0.048730377,0.0,0.0,-0.098444104,-0.032430578,0.0,-0.045922503,-0.045922503,-0.058272514,0.0,-0.16036525,-0.047264457,-0.024916768,0.016362134,-0.025381846,0.008356997,-0.03076521,0.0,-0.0025977313,0.0,0.036931954,-0.44545898,0.0,-0.016408196,0.0,0.0,0.0,0.017562872,0.013364863,0.0,0.028245818,0.00975784,-0.04095794,0.0,0.08378471,0.08378471,0.08378471,0.0,0.0,0.12399391,0.0,0.10638637,-0.07447333,-0.058764346,0.0,0.0,-0.2860711,0.0,0.0,0.0,0.0,0.0,0.0,0.0,0.026373127,0.0,-0.04563738,-0.11736667,-0.066656075,0.0,0.0,0.0,-0.011530592,0.012836904,0.0,0.0,0.0,0.0,0.0,0.0,0.0,0.0,0.024681542,0.0,0.0,0.0,0.0,0.0,-0.0725689,0.07601656,-0.004454749,0.0,-0.007530797,0.123603605,-0.0437825,0.0,-0.029071435,0.0,0.0,-0.10172842,0.0,0.0,0.0,0.03324008,estrogen-receptor positive breast cancer
BIOKEY_7,0.0,-0.06762457,-0.06762457,0.2362101,0.0,-0.39148727,0.062070325,0.0,0.14510027,0.0,0.0,0.0377069,0.28040582,0.38812742,0.0,0.0,-0.0017161788,0.29992467,0.0,0.0,0.0,0.0,0.14832468,0.16755217,0.0,0.20397991,0.0,0.4450864,0.0,0.0,0.0,0.044363666,0.0,0.2845658,0.0,0.0,0.02917906,0.33786568,0.29992467,0.0,0.0,0.0,0.0,0.0,-0.006192152,0.0,0.0,0.23014659,0.0,0.0,0.30696094,0.07772704,0.0,0.071366325,0.071366325,0.15098786,0.0,-0.048335943,0.17464742,0.24731497,0.26057872,0.14084347,0.14312534,-0.061510015,0.0,0.20102383,0.0,0.17290439,-0.44545898,0.0,0.12881373,0.0,0.0,0.0,0.12561502,0.15598612,0.0,0.23312797,0.12516451,0.09853777,0.0,0.29992467,0.29992467,0.29992467,0.0,0.0,0.091058545,0.0,0.39242277,0.089926325,0.11410101,0.0,0.0,-0.06762457,0.0,0.0,0.0,0.0,0.0,0.0,0.0,0.07388553,0.0,-0.014485064,-0.045581233,0.053250175,0.0,0.0,0.0,0.16395777,0.090426564,0.0,0.0,0.0,0.0,0.0,0.0,0.0,0.0,0.16196282,0.0,0.0,0.0,0.0,0.0,0.08620558,0.21301141,0.0473565,0.0,0.16288413,0.5353733,0.14824402,0.0,0.06335258,0.0,0.0,0.021850012,0.0,0.0,0.0,-0.096497655,estrogen-receptor positive breast cancer
BIOKEY_8,0.0,-0.07272105,-0.07272105,0.24158718,0.0,-0.3914873,0.011155169,0.0,0.004217463,0.0,0.0,-0.046363614,0.0044506015,0.39874128,0.0,0.0,-0.0024055964,-0.09775004,0.0,0.0,0.0,0.0,-0.048464093,-0.05193659,0.0,-0.003413513,0.0,0.0791838,0.0,0.0,0.0,-0.14627995,0.0,0.0054452354,0.0,0.0,-0.08729971,0.014555316,-0.09775004,0.0,0.0,0.0,0.0,0.0,-0.009156377,0.0,0.0,0.026335733,0.0,0.0,0.22481234,-0.06520285,0.0,-0.030995125,-0.030995125,0.018048134,0.0,-0.19358991,-0.095080756,-0.004308032,0.00701925,0.0019968124,-0.053671427,-0.02939208,0.0,0.016319873,0.0,-0.0083051175,-0.44545898,0.0,-0.08334802,0.0,0.0,0.0,-0.03200597,-0.01908475,0.0,-0.049681697,-0.059812423,-0.06594935,0.0,-0.09775004,-0.09775004,-0.09775004,0.0,0.0,-0.1244874,0.0,0.11532731,-0.0023927044,0.008923469,0.0,0.0,-0.07272105,0.0,0.0,0.0,0.0,0.0,0.0,0.0,-0.059340525,0.0,0.038770787,-0.18052928,-0.12015747,0.0,0.0,0.0,-0.010579281,0.06771496,0.0,0.0,0.0,0.0,0.0,0.0,0.0,0.0,-0.050467953,0.0,0.0,0.0,0.0,0.0,-0.147309,-0.10034047,-0.054722533,0.0,-0.11344987,0.0564322,-0.042569347,0.0,-0.066368625,0.0,0.0,-0.08354294,0.0,0.0,0.0,-0.07826653,triple-negative breast carcinoma
BIOKEY_9,0.0,-0.35470736,-0.35470736,-0.4277527,0.0,-0.39148727,-0.014153751,0.0,-0.1784293,0.0,0.0,-0.15200499,-0.22796711,-0.46427533,0.0,0.0,-0.1686537,-0.17496526,0.0,0.0,0.0,0.0,-0.1441913,-0.182659,0.0,-0.17502826,0.0,-0.30253676,0.0,0.0,0.0,-0.22624442,0.0,-0.19699544,0.0,0.0,-0.14881863,-0.20095375,-0.17496526,0.0,0.0,0.0,0.0,0.0,-0.046347667,0.0,0.0,-0.028085886,0.0,0.0,-0.37451893,-0.1724297,0.0,-0.18116222,-0.18116222,-0.19854288,0.0,-0.27688128,-0.1947588,-0.23666035,-0.21318111,-0.15755354,-0.13359712,-0.10456484,0.0,-0.17851113,0.0,-0.12402296,-0.44545898,0.0,-0.13525192,0.0,0.0,0.0,-0.1265429,-0.14991944,0.0,-0.08372536,-0.11595685,-0.11860522,0.0,-0.17496526,-0.17496526,-0.17496526,0.0,0.0,-0.05789864,0.0,-0.39349636,-0.23811495,-0.2201988,0.0,0.0,-0.35470736,0.0,0.0,0.0,0.0,0.0,0.0,0.0,-0.289283,0.0,-0.12847334,-0.23707925,-0.3271979,0.0,0.0,0.0,-0.119174704,-0.11907371,0.0,0.0,0.0,0.0,0.0,0.0,0.0,0.0,-0.13181874,0.0,0.0,0.0,0.0,0.0,-0.103988744,-0.28461528,-0.09035598,0.0,-0.2108648,-0.19936647,-0.14510751,0.0,-0.17597267,0.0,0.0,-0.18569775,0.0,0.0,0.0,-0.12235903,triple-negative breast carcinoma
BIOKEY_10,0.0,-0.1003738,-0.1003738,-0.008601234,0.0,-0.39148727,-0.022221204,0.0,-0.031744625,0.0,0.0,-0.088768445,-0.10170486,0.037285056,0.0,0.0,-0.018419927,-0.06453842,0.0,0.0,0.0,0.0,-0.036131833,-0.100231364,0.0,-0.06179484,0.0,0.007522192,0.0,0.0,0.0,-0.040150344,0.0,-0.041582465,0.0,0.0,-0.090104185,-0.05799505,-0.06453842,0.0,0.0,0.0,0.0,0.0,-0.061825663,0.0,0.0,0.025151074,0.0,0.0,-0.025798667,-0.0837118,0.0,0.024067836,0.024067836,-0.049394034,0.0,-0.24675539,0.04655453,0.015905514,-0.10840949,-0.05818045,-0.050972283,-0.04146346,0.0,-0.05020136,0.0,-0.03647944,-0.44545898,0.0,-0.07168733,0.0,0.0,0.0,-0.051059213,-0.026026703,0.0,-0.119855165,-0.025153829,-0.025188228,0.0,-0.06453842,-0.06453842,-0.06453842,0.0,0.0,-0.026394758,0.0,-0.09236953,-0.094309136,-0.07354427,0.0,0.0,-0.1003738,0.0,0.0,0.0,0.0,0.0,0.0,0.0,0.06354648,0.0,-0.017471083,-0.16040954,-0.18357609,0.0,0.0,0.0,0.004943561,-0.03478759,0.0,0.0,0.0,0.0,0.0,0.0,0.0,0.0,-0.0213814,0.0,0.0,0.0,0.0,0.0,-0.11032406,-0.13267305,-0.072965376,0.0,-0.07433123,0.048392966,-0.030979339,0.0,-0.06345598,0.0,0.0,-0.11067712,0.0,0.0,0.0,0.10978052,triple-negative breast carcinoma
BIOKEY_11,0.0,0.0593338,0.0593338,0.13745491,0.0,-0.39148727,-0.04384881,0.0,0.024202762,0.0,0.0,-0.07367981,0.032159694,0.17651545,0.0,0.0,-0.097444355,0.08205764,0.0,0.0,0.0,0.0,-0.010710405,-0.05812314,0.0,0.001357019,0.0,0.06827323,0.0,0.0,0.0,-0.06434708,0.0,0.017773317,0.0,0.0,-0.09616182,0.04066908,0.08205764,0.0,0.0,0.0,0.0,0.0,0.06351053,0.0,0.0,-0.039845068,0.0,0.0,0.07844343,-0.14634736,0.0,-0.07380977,-0.07380977,0.0058380705,0.0,-0.18916385,0.008459276,0.035414036,-0.022654703,-0.00286826,-0.019405156,0.050689753,0.0,-0.027338712,0.0,-0.00017248042,-0.44545898,0.0,-0.050243888,0.0,0.0,0.0,-0.013458286,-0.00012355272,0.0,-0.055029944,-0.022611806,0.004195482,0.0,0.08205764,0.08205764,0.08205764,0.0,0.0,-0.01998285,0.0,0.097701505,-0.059702158,-0.034059647,0.0,0.0,0.0593338,0.0,0.0,0.0,0.0,0.0,0.0,0.0,0.0064028995,0.0,-0.018445492,-0.19493406,-0.22908942,0.0,0.0,0.0,0.20475712,0.030836346,0.0,0.0,0.0,0.0,0.0,0.0,0.0,0.0,-0.0036475689,0.0,0.0,0.0,0.0,0.0,-0.006352626,0.019328428,-0.012285487,0.0,-0.12913486,0.24998052,-0.030937089,0.0,-0.08130986,0.0,0.0,-0.096553005,0.0,0.0,0.0,-0.018182259,triple-negative breast carcinoma
BIOKEY_12,0.0,-0.17833377,-0.17833377,0.2210572,0.0,-0.39148727,-0.042947326,0.0,-0.0037108706,0.0,0.0,-0.08362246,-0.04623557,0.4207527,0.0,0.0,-0.03840499,-0.034554925,0.0,0.0,0.0,0.0,-0.03063528,-0.048369605,0.0,-0.014855535,0.0,0.008542721,0.0,0.0,0.0,-0.12509286,0.0,0.0055880365,0.0,0.0,-0.06893313,0.008104055,-0.034554925,0.0,0.0,0.0,0.0,0.0,-0.08044488,0.0,0.0,-0.09584393,0.0,0.0,0.24099183,-0.08447898,0.0,-0.0044760713,-0.0044760713,-0.04685039,0.0,-0.21748851,-0.09489673,-0.057914283,-0.113822065,-0.063766494,-0.0326178,-0.0033976727,0.0,-0.02996087,0.0,-0.035480097,-0.44545898,0.0,-0.071837954,0.0,0.0,0.0,-0.042720295,-0.031842653,0.0,-0.089055836,-0.033611964,-0.028005034,0.0,-0.034554925,-0.034554925,-0.034554925,0.0,0.0,-0.078981005,0.0,0.087133445,-0.04722953,-0.03652473,0.0,0.0,-0.17833377,0.0,0.0,0.0,0.0,0.0,0.0,0.0,0.0036673688,0.0,-0.02279851,-0.13229264,-0.19971982,0.0,0.0,0.0,0.11021612,0.045494005,0.0,0.0,0.0,0.0,0.0,0.0,0.0,0.0,-0.03157657,0.0,0.0,0.0,0.0,0.0,-0.05579469,-0.055127364,-0.024419047,0.0,-0.08724683,0.08485442,-0.037025824,0.0,-0.0508116,0.0,0.0,-0.073986284,0.0,0.0,0.0,0.04430001,estrogen-receptor positive breast cancer
BIOKEY_13,0.0,-0.40860754,-0.40860754,-0.20738795,0.0,-0.39148727,-0.07280413,0.0,-0.09478778,0.0,0.0,-0.09099345,-0.13554737,-0.10677815,0.0,0.0,-0.091310576,-0.119333155,0.0,0.0,0.0,0.0,-0.0559644,-0.18567306,0.0,-0.091780744,0.0,-0.17256035,0.0,0.0,0.0,-0.15171418,0.0,-0.06937722,0.0,0.0,-0.099005,-0.055705022,-0.119333155,0.0,0.0,0.0,0.0,0.0,-0.088201866,0.0,0.0,-0.110702746,0.0,0.0,-0.103485286,-0.098325364,0.0,-0.12406607,-0.12406607,-0.14008301,0.0,-0.25460163,-0.11768466,-0.14858589,-0.15776089,-0.09776507,-0.08213727,-0.16260216,0.0,-0.08402928,0.0,-0.06251376,-0.44545898,0.0,-0.10179638,0.0,0.0,0.0,-0.06657438,-0.0835027,0.0,-0.07971066,-0.06278016,-0.0265276,0.0,-0.119333155,-0.119333155,-0.119333155,0.0,0.0,-0.048517443,0.0,-0.028651455,-0.14083774,-0.12722838,0.0,0.0,-0.40860754,0.0,0.0,0.0,0.0,0.0,0.0,0.0,-0.08238799,0.0,-0.12123531,-0.22279514,-0.31502926,0.0,0.0,0.0,-0.0856786,-0.08319215,0.0,0.0,0.0,0.0,0.0,0.0,0.0,0.0,-0.04056455,0.0,0.0,0.0,0.0,0.0,-0.08528391,-0.13721418,-0.09775873,0.0,-0.10428271,-0.12249609,-0.07855097,0.0,-0.07776666,0.0,0.0,-0.13549232,0.0,0.0,0.0,-0.11030686,HER2 positive breast carcinoma
BIOKEY_14,0.0,-0.2075767,-0.2075767,-0.014725132,0.0,-0.39148727,-0.10747369,0.0,-0.028363498,0.0,0.0,-0.07697537,-0.09938152,0.08170066,0.0,0.0,-0.045897886,-0.03580623,0.0,0.0,0.0,0.0,-0.021279901,-0.09722594,0.0,-0.07583605,0.0,-0.09909077,0.0,0.0,0.0,-0.1233073,0.0,-0.11692777,0.0,0.0,-0.052351993,-0.1266446,-0.03580623,0.0,0.0,0.0,0.0,0.0,-0.08030736,0.0,0.0,0.029587785,0.0,0.0,0.008390307,-0.12115171,0.0,-0.07806049,-0.07806049,-0.09460912,0.0,-0.23885314,-0.044902783,-0.094142854,-0.05256008,-0.0915756,-0.035490822,-0.13023871,0.0,-0.11378036,0.0,0.015479823,-0.44545898,0.0,-0.04832939,0.0,0.0,0.0,-0.054481577,-0.0659801,0.0,-0.07406585,0.007803451,0.044665698,0.0,-0.03580623,-0.03580623,-0.03580623,0.0,0.0,-0.028433587,0.0,0.101632625,-0.08288307,-0.08100033,0.0,0.0,-0.2075767,0.0,0.0,0.0,0.0,0.0,0.0,0.0,-0.15523352,0.0,-0.027135791,-0.1380165,-0.124458425,0.0,0.0,0.0,-0.051140226,-0.10735688,0.0,0.0,0.0,0.0,0.0,0.0,0.0,0.0,0.008300722,0.0,0.0,0.0,0.0,0.0,-0.10637491,-0.06535548,-0.079007424,0.0,-0.10325863,0.0997927,-0.05834206,0.0,-0.07394839,0.0,0.0,-0.09538723,0.0,0.0,0.0,0.08267972,triple-negative breast carcinoma
BIOKEY_15,0.0,-0.027333673,-0.027333673,0.08032293,0.0,-0.39148727,-0.055283446,0.0,0.017738223,0.0,0.0,-0.049775284,0.018681416,0.13415124,0.0,0.0,0.0045559984,0.014777735,0.0,0.0,0.0,0.0,0.0003778236,-0.069508344,0.0,0.005672077,0.0,0.024740005,0.0,0.0,0.0,-0.07743289,0.0,0.0427579,0.0,0.0,-0.067485414,0.06480132,0.014777735,0.0,0.0,0.0,0.0,0.0,-0.04521916,0.0,0.0,-0.007017146,0.0,0.0,0.056698844,-0.073529296,0.0,-0.045415822,-0.045415822,-0.014916546,0.0,-0.19752705,-0.00738599,-0.005108532,-0.056141827,-0.01731012,-0.009463443,-0.052522775,0.0,0.0004278857,0.0,0.025392018,-0.44545898,0.0,-0.024954543,0.0,0.0,0.0,-0.010436788,0.028021041,0.0,-0.025621494,0.01978277,0.03654873,0.0,0.014777735,0.014777735,0.014777735,0.0,0.0,0.013303221,0.0,0.081477545,-0.0356027,-0.013484041,0.0,0.0,-0.027333673,0.0,0.0,0.0,0.0,0.0,0.0,0.0,0.057456538,0.0,0.0015739207,-0.121382,-0.17302811,0.0,0.0,0.0,0.07236928,-0.061290372,0.0,0.0,0.0,0.0,0.0,0.0,0.0,0.0,0.0068694223,0.0,0.0,0.0,0.0,0.0,-0.054333724,0.044314843,-0.08413629,0.0,-0.084136076,0.11619766,-0.018191112,0.0,-0.050710298,0.0,0.0,-0.109172486,0.0,0.0,0.0,0.107505724,triple-negative breast carcinoma
BIOKEY_16,0.0,-0.0046618395,-0.0046618395,0.17172517,0.0,-0.39148727,-0.006179972,0.0,-0.021595959,0.0,0.0,-0.10208436,-0.038982347,0.2599187,0.0,0.0,-0.041127525,-0.16952877,0.0,0.0,0.0,0.0,-0.026490867,-0.07103962,0.0,-0.035085686,0.0,0.08350848,0.0,0.0,0.0,-0.11376124,0.0,-0.0033575378,0.0,0.0,-0.102401555,-0.001827907,-0.16952877,0.0,0.0,0.0,0.0,0.0,-0.082891405,0.0,0.0,-0.025703616,0.0,0.0,0.13777158,-0.099777915,0.0,-0.009476098,-0.009476098,-0.019447062,0.0,-0.19542639,-0.0693735,0.006012751,-0.10293885,-0.043599088,-0.04017703,0.008271108,0.0,-0.029278714,0.0,-0.025019519,-0.44545898,0.0,-0.053554215,0.0,0.0,0.0,-0.048125897,-0.035293687,0.0,-0.11031977,-0.04951873,-0.05971984,0.0,-0.16952877,-0.16952877,-0.16952877,0.0,0.0,-0.022419369,0.0,0.03577702,-0.067842916,-0.059690356,0.0,0.0,-0.0046618395,0.0,0.0,0.0,0.0,0.0,0.0,0.0,-0.05404428,0.0,0.0011366137,-0.12410947,-0.15684004,0.0,0.0,0.0,0.06276968,0.017041305,0.0,0.0,0.0,0.0,0.0,0.0,0.0,0.0,-0.047729943,0.0,0.0,0.0,0.0,0.0,-0.09155338,-0.07453909,-0.023243658,0.0,-0.09660241,-0.043055695,-0.035264913,0.0,-0.061806347,0.0,0.0,-0.114452936,0.0,0.0,0.0,-0.07232357,triple-negative breast carcinoma
BIOKEY_17,0.0,0.5335352,0.5335352,0.5295615,0.0,-0.39148724,-0.020268472,0.0,0.24127516,0.0,0.0,0.18709886,0.42089793,0.5275747,0.0,0.0,0.10122829,0.5840264,0.0,0.0,0.0,0.0,0.288112,0.36091208,0.0,0.38759673,0.0,0.7781499,0.0,0.0,0.0,0.22832564,0.0,0.5960361,0.0,0.0,0.13310207,0.603107,0.5840264,0.0,0.0,0.0,0.0,0.0,0.26084578,0.0,0.0,0.14891048,0.0,0.0,0.43412703,0.15372255,0.0,0.56775236,0.56775236,0.20872077,0.0,0.08878539,0.37768343,0.44007793,0.30600005,0.30987495,0.29301912,0.4905766,0.0,0.37908453,0.0,0.32879248,-0.44545898,0.0,0.26180473,0.0,0.0,0.0,0.23789167,0.285329,0.0,0.65249443,0.22110096,0.09628647,0.0,0.5840264,0.5840264,0.5840264,0.0,0.0,0.056861907,0.0,0.44675803,0.21201296,0.2430237,0.0,0.0,0.5335352,0.0,0.0,0.0,0.0,0.0,0.0,0.0,0.33081672,0.0,0.13218957,0.11926303,0.2241857,0.0,0.0,0.0,0.23144452,0.144587,0.0,0.0,0.0,0.0,0.0,0.0,0.0,0.0,0.3124856,0.0,0.0,0.0,0.0,0.0,0.012476684,0.49506626,0.20996776,0.0,0.25660747,0.49415115,0.22438961,0.0,0.29155242,0.0,0.0,0.049817674,0.0,0.0,0.0,0.13078734,estrogen-receptor positive breast cancer
BIOKEY_18,0.0,-0.22513616,-0.22513616,-0.166742,0.0,-0.39148727,-0.08190226,0.0,-0.053484075,0.0,0.0,-0.104904234,-0.099547975,-0.1375449,0.0,0.0,-0.12397529,-0.11548179,0.0,0.0,0.0,0.0,-0.11557864,-0.109620035,0.0,-0.08409111,0.0,-0.10023715,0.0,0.0,0.0,-0.13928899,0.0,-0.08956953,0.0,0.0,-0.09562312,-0.07083252,-0.11548179,0.0,0.0,0.0,0.0,0.0,0.020197963,0.0,0.0,-0.02073113,0.0,0.0,-0.1641156,-0.1070165,0.0,-0.16451761,-0.16451761,-0.12089583,0.0,-0.23064938,-0.08637428,-0.13277674,-0.13177113,-0.099687085,-0.09459526,-0.101472534,0.0,-0.09145434,0.0,-0.069498986,-0.44545898,0.0,-0.08841785,0.0,0.0,0.0,-0.08345345,-0.10399889,0.0,-0.0010074086,-0.08554538,-0.064786434,0.0,-0.11548179,-0.11548179,-0.11548179,0.0,0.0,-0.033380378,0.0,0.06031418,-0.11317158,-0.092163526,0.0,0.0,-0.22513616,0.0,0.0,0.0,0.0,0.0,0.0,0.0,-0.13896136,0.0,-0.11113544,-0.17235285,-0.19192682,0.0,0.0,0.0,0.016147891,-0.070680454,0.0,0.0,0.0,0.0,0.0,0.0,0.0,0.0,-0.11449889,0.0,0.0,0.0,0.0,0.0,-0.10462556,-0.005450034,-0.123519264,0.0,-0.14819641,0.18593925,-0.0889772,0.0,-0.106256135,0.0,0.0,-0.1567371,0.0,0.0,0.0,0.0017389116,estrogen-receptor positive breast cancer
BIOKEY_19,0.0,-0.24210346,-0.24210346,0.05029507,0.0,-0.39148727,-0.061546594,0.0,-0.014209932,0.0,0.0,-0.08352357,-0.057493374,0.19649434,0.0,0.0,-0.0507512,0.022295266,0.0,0.0,0.0,0.0,-0.031222567,-0.06503566,0.0,-0.037462313,0.0,1.1157877e-05,0.0,0.0,0.0,-0.083099164,0.0,-0.020632714,0.0,0.0,-0.07372993,-0.012951047,0.022295266,0.0,0.0,0.0,0.0,0.0,-0.10734271,0.0,0.0,0.021999922,0.0,0.0,0.079653196,-0.09694294,0.0,-0.0513594,-0.0513594,-0.06386225,0.0,-0.18363297,0.0017102642,-0.02782815,-0.102265865,-0.05539019,-0.03096272,-0.0965359,0.0,-0.02229526,0.0,0.019509433,-0.44545898,0.0,-0.034973912,0.0,0.0,0.0,-0.03789342,-0.0022588586,0.0,0.032432817,0.0009377408,0.033294547,0.0,0.022295266,0.022295266,0.022295266,0.0,0.0,0.04407507,0.0,0.1655579,-0.01607584,-0.009870049,0.0,0.0,-0.24210346,0.0,0.0,0.0,0.0,0.0,0.0,0.0,0.021819865,0.0,-0.06153768,-0.15808496,-0.16352268,0.0,0.0,0.0,0.0024921496,-0.15462248,0.0,0.0,0.0,0.0,0.0,0.0,0.0,0.0,-0.017703595,0.0,0.0,0.0,0.0,0.0,-0.041150935,-0.015597684,-0.060671464,0.0,-0.06296021,0.15140012,-0.027406858,0.0,-0.0845419,0.0,0.0,-0.08330811,0.0,0.0,0.0,0.045749314,triple-negative breast carcinoma
BIOKEY_20,0.0,-0.18664806,-0.18664806,-0.029791057,0.0,-0.39148727,-0.078048244,0.0,0.017689224,0.0,0.0,-0.07679841,-0.008188254,0.048637442,0.0,0.0,-0.037595,-0.04133608,0.0,0.0,0.0,0.0,-0.024343813,-0.067710884,0.0,-0.012539463,0.0,0.076448046,0.0,0.0,0.0,-0.064327516,0.0,-0.010269899,0.0,0.0,-0.065903164,-0.01949807,-0.04133608,0.0,0.0,0.0,0.0,0.0,-0.028281009,0.0,0.0,0.10417446,0.0,0.0,-0.029079618,-0.06819736,0.0,0.026642762,0.026642762,-0.043843158,0.0,-0.19105147,0.01083379,0.01632323,-0.065005764,-0.05656678,-0.016028844,-0.06095778,0.0,-0.036691982,0.0,0.015191046,-0.44545895,0.0,-0.031351738,0.0,0.0,0.0,-0.053721167,-0.040719584,0.0,0.007804548,-0.005948311,0.010842771,0.0,-0.04133608,-0.04133608,-0.04133608,0.0,0.0,-0.13215621,0.0,0.059982993,-0.0137100145,0.008529588,0.0,0.0,-0.18664806,0.0,0.0,0.0,0.0,0.0,0.0,0.0,-0.045792665,0.0,-0.118086666,-0.08770711,-0.12773506,0.0,0.0,0.0,0.15961823,-0.011968055,0.0,0.0,0.0,0.0,0.0,0.0,0.0,0.0,-0.0015656868,0.0,0.0,0.0,0.0,0.0,-0.03447244,-0.038730796,-0.0706781,0.0,-0.065103956,0.18732242,-0.032959156,0.0,-0.081699505,0.0,0.0,-0.14826009,0.0,0.0,0.0,-0.0026550575,estrogen-receptor positive breast cancer
BIOKEY_21,0.0,-0.23893873,-0.23893873,-0.09667969,0.0,-0.39148727,-0.03361622,0.0,-0.004815297,0.0,0.0,-0.0079521695,0.017275486,-0.025550168,0.0,0.0,-0.031171612,0.120395966,0.0,0.0,0.0,0.0,0.0009918347,0.05734138,0.0,0.015572078,0.0,-0.019823529,0.0,0.0,0.0,-0.036378764,0.0,0.07314684,0.0,0.0,-0.06165019,0.07187553,0.120395966,0.0,0.0,0.0,0.0,0.0,0.009461594,0.0,0.0,-0.022927294,0.0,0.0,-0.035925813,-0.07526995,0.0,0.07823208,0.07823208,-0.04344617,0.0,-0.113260895,0.10588839,0.02376181,-0.054872733,-0.02788322,0.025777789,-0.09242523,0.0,0.026122868,0.0,0.009245546,-0.44545898,0.0,-0.027990444,0.0,0.0,0.0,-0.032585245,0.005169932,0.0,0.06780141,0.018791636,0.03571431,0.0,0.120395966,0.120395966,0.120395966,0.0,0.0,0.081064336,0.0,-0.0036133819,-0.0069079986,0.007564433,0.0,0.0,-0.23893873,0.0,0.0,0.0,0.0,0.0,0.0,0.0,-0.066596895,0.0,-0.0027842051,-0.08070001,-0.048731618,0.0,0.0,0.0,-0.043452654,0.03773411,0.0,0.0,0.0,0.0,0.0,0.0,0.0,0.0,0.012458379,0.0,0.0,0.0,0.0,0.0,0.0051653907,-0.029219868,-0.007980392,0.0,-0.03736259,0.29879308,-0.019516468,0.0,-0.05632713,0.0,0.0,-0.09895037,0.0,0.0,0.0,-0.021546658,estrogen-receptor positive breast cancer
BIOKEY_22,0.0,-0.35469046,-0.35469046,-0.09116005,0.0,-0.39148724,-0.020599568,0.0,-0.037792698,0.0,0.0,-0.11828018,-0.062291354,0.040605158,0.0,0.0,-0.08427153,-0.15082812,0.0,0.0,0.0,0.0,-0.040578343,-0.10455203,0.0,-0.031015988,0.0,0.13678604,0.0,0.0,0.0,-0.15463255,0.0,0.013527008,0.0,0.0,-0.10903527,0.03695591,-0.15082812,0.0,0.0,0.0,0.0,0.0,0.048604276,0.0,0.0,-0.048020627,0.0,0.0,-0.02014305,-0.040340714,0.0,-0.08018865,-0.08018865,-0.1000735,0.0,-0.24151064,-0.13131097,-0.0482782,-0.098521106,-0.08766753,-0.05502019,-0.122917995,0.0,-0.020542126,0.0,-0.057365716,-0.44545895,0.0,-0.08783216,0.0,0.0,0.0,-0.098151706,-0.09263852,0.0,0.08419146,-0.064595364,-0.020167341,0.0,-0.15082812,-0.15082812,-0.15082812,0.0,0.0,0.19663836,0.0,0.07620889,-0.07148449,-0.04938597,0.0,0.0,-0.35469046,0.0,0.0,0.0,0.0,0.0,0.0,0.0,0.048026327,0.0,-0.11995332,-0.28710008,-0.31858528,0.0,0.0,0.0,-0.034607038,-0.13981743,0.0,0.0,0.0,0.0,0.0,0.0,0.0,0.0,-0.03368867,0.0,0.0,0.0,0.0,0.0,-0.12959288,-0.022367254,-0.09295516,0.0,0.091250174,-0.04943348,-0.041087005,0.0,-0.10662564,0.0,0.0,-0.18348031,0.0,0.0,0.0,-0.0673542,estrogen-receptor positive breast cancer
BIOKEY_23,0.0,-0.24296656,-0.24296656,0.039189596,0.0,-0.39148727,0.09349568,0.0,0.021132952,0.0,0.0,-0.0021004316,0.018612143,0.18026768,0.0,0.0,0.0046260543,0.11243135,0.0,0.0,0.0,0.0,-0.0026611926,-0.0045837155,0.0,0.01864204,0.0,0.02170664,0.0,0.0,0.0,-0.05281614,0.0,0.092719525,0.0,0.0,-0.05175038,0.105249695,0.11243135,0.0,0.0,0.0,0.0,0.0,-0.0033890095,0.0,0.0,0.006489679,0.0,0.0,0.10360038,-0.0068546003,0.0,0.042598877,0.042598877,-0.021583946,0.0,-0.14396235,0.024323665,0.04870541,-0.0085822595,-0.018552555,0.010343677,-0.033980306,0.0,0.044614054,0.0,0.05925431,-0.44545898,0.0,-0.009743707,0.0,0.0,0.0,-0.012297167,0.014113985,0.0,0.12521413,0.02411781,0.0011629148,0.0,0.11243135,0.11243135,0.11243135,0.0,0.0,0.07265569,0.0,0.089623295,0.022860648,0.050470363,0.0,0.0,-0.24296656,0.0,0.0,0.0,0.0,0.0,0.0,0.0,-0.022743046,0.0,-0.047773574,-0.088925175,-0.11183388,0.0,0.0,0.0,0.035689726,-0.00048403017,0.0,0.0,0.0,0.0,0.0,0.0,0.0,0.0,0.016662106,0.0,0.0,0.0,0.0,0.0,-0.059625283,0.0697978,-0.08925047,0.0,0.024742901,-0.017847445,0.043945465,0.0,-0.072928324,0.0,0.0,-0.066317365,0.0,0.0,0.0,-0.029773328,HER2 positive breast carcinoma
BIOKEY_24,0.0,0.056721058,0.056721058,0.2528201,0.0,-0.39148727,0.014807785,0.0,0.12817837,0.0,0.0,0.07242956,0.16449955,0.35086963,0.0,0.0,0.020678006,0.23555095,0.0,0.0,0.0,0.0,0.12911698,0.12608694,0.0,0.14158615,0.0,0.18282567,0.0,0.0,0.0,-0.017002132,0.0,0.1693224,0.0,0.0,0.047764048,0.17529458,0.23555095,0.0,0.0,0.0,0.0,0.0,0.08786631,0.0,0.0,0.025871221,0.0,0.0,0.2477835,0.074516535,0.0,0.14543366,0.14543366,0.06483898,0.0,-0.107790485,0.07089231,0.09704769,0.1494861,0.062348027,0.09147927,0.056148265,0.0,0.11633712,0.0,0.13808113,-0.44545898,0.0,0.06833892,0.0,0.0,0.0,0.07081675,0.07870987,0.0,0.09562788,0.09998392,0.06896085,0.0,0.23555095,0.23555095,0.23555095,0.0,0.0,0.2597706,0.0,0.30223793,0.04117233,0.077758715,0.0,0.0,0.056721058,0.0,0.0,0.0,0.0,0.0,0.0,0.0,0.06040131,0.0,-0.0067096623,0.06180338,0.11665052,0.0,0.0,0.0,0.12778875,0.22132255,0.0,0.0,0.0,0.0,0.0,0.0,0.0,0.0,0.08762015,0.0,0.0,0.0,0.0,0.0,-0.040263105,0.23188487,-0.0073047783,0.0,0.096270986,0.36166158,0.04111914,0.0,0.024138015,0.0,0.0,-0.010762642,0.0,0.0,0.0,-0.07184609,estrogen-receptor positive breast cancer
BIOKEY_25,0.0,-0.25672087,-0.25672087,-0.03230963,0.0,-0.39148727,-0.11866532,0.0,-0.067865826,0.0,0.0,-0.11322266,-0.21256053,0.07989601,0.0,0.0,-0.08662881,-0.013418585,0.0,0.0,0.0,0.0,-0.1580867,-0.1322529,0.0,-0.13522086,0.0,-0.20427488,0.0,0.0,0.0,-0.19466527,0.0,-0.08460813,0.0,0.0,-0.16936582,-0.066638894,-0.013418585,0.0,0.0,0.0,0.0,0.0,-0.0066001303,0.0,0.0,0.04186054,0.0,0.0,-0.041347813,-0.12933509,0.0,-0.15648507,-0.15648507,-0.1295439,0.0,-0.30692235,-0.14092137,-0.19677955,-0.2231898,-0.13381615,-0.14982076,-0.002151796,0.0,-0.1213333,0.0,-0.17188916,-0.44545895,0.0,-0.15891802,0.0,0.0,0.0,-0.06301488,-0.12350735,0.0,-0.24358922,-0.07707481,0.045609217,0.0,-0.013418585,-0.013418585,-0.013418585,0.0,0.0,0.29682475,0.0,0.14470851,-0.16854513,-0.14763229,0.0,0.0,-0.25672087,0.0,0.0,0.0,0.0,0.0,0.0,0.0,-0.10100538,0.0,-0.1308986,-0.26039246,-0.25041905,0.0,0.0,0.0,-0.14331633,-0.2400068,0.0,0.0,0.0,0.0,0.0,0.0,0.0,0.0,-0.14216794,0.0,0.0,0.0,0.0,0.0,-0.088392936,-0.08594448,-0.15235439,0.0,-0.13209644,0.06876334,-0.13171703,0.0,-0.15012711,0.0,0.0,-0.11510916,0.0,0.0,0.0,-0.15444545,triple-negative breast carcinoma
BIOKEY_26,0.0,-0.23277393,-0.23277393,-0.21770443,0.0,-0.39148727,-0.084666476,0.0,-0.015067535,0.0,0.0,0.09573665,0.024059663,-0.21016966,0.0,0.0,-0.06443835,-0.07640806,0.0,0.0,0.0,0.0,0.020465994,-0.056574177,0.0,-0.08664095,0.0,0.18784481,0.0,0.0,0.0,-0.2034929,0.0,-0.027533803,0.0,0.0,-0.04983103,-0.02139407,-0.07640806,0.0,0.0,0.0,0.0,0.0,-0.026896475,0.0,0.0,0.17623089,0.0,0.0,-0.19926912,-0.107586645,0.0,-0.05209276,-0.05209276,-0.073776685,0.0,-0.13078466,-0.11716018,0.0038193355,0.0477886,-0.012397354,-0.034766827,-0.13992943,0.0,0.009274472,0.0,0.05927445,-0.44545898,0.0,-0.011965826,0.0,0.0,0.0,0.09417523,0.02332736,0.0,0.0023872624,-0.0121483,0.007274125,0.0,-0.07640806,-0.07640806,-0.07640806,0.0,0.0,0.037029993,0.0,0.08908342,-0.056774493,-0.057200942,0.0,0.0,-0.23277393,0.0,0.0,0.0,0.0,0.0,0.0,0.0,-0.06293381,0.0,-0.07552843,-0.16886221,-0.24123539,0.0,0.0,0.0,0.009855922,0.11010039,0.0,0.0,0.0,0.0,0.0,0.0,0.0,0.0,-0.014313413,0.0,0.0,0.0,0.0,0.0,0.0688478,0.26031062,-0.040442698,0.0,-0.028623598,-0.16927917,0.05538574,0.0,0.11433207,0.0,0.0,-0.117923096,0.0,0.0,0.0,-0.12099934,triple-negative breast carcinoma
BIOKEY_27,0.0,-0.1559321,-0.1559321,0.08694235,0.0,-0.39148727,-0.073885545,0.0,-0.012806284,0.0,0.0,-0.07472977,-0.018458595,0.20837958,0.0,0.0,-0.10350074,-0.09635588,0.0,0.0,0.0,0.0,-0.01571089,-0.029050902,0.0,-0.0033809275,0.0,-0.023941996,0.0,0.0,0.0,-0.12637241,0.0,0.03392955,0.0,0.0,-0.06668508,0.06194599,-0.09635588,0.0,0.0,0.0,0.0,0.0,-0.005861661,0.0,0.0,-0.0100973435,0.0,0.0,0.15839174,-0.015741626,0.0,-0.07813625,-0.07813625,-0.07238024,0.0,-0.2447821,-0.080196254,-0.083676204,-0.04104738,-0.034082454,0.0029972133,-0.11517861,0.0,0.018429518,0.0,0.011024709,-0.44545898,0.0,-0.026487585,0.0,0.0,0.0,-0.06685618,-0.03590031,0.0,0.13510774,0.0023106209,-0.02819835,0.0,-0.09635588,-0.09635588,-0.09635588,0.0,0.0,0.14105546,0.0,0.14881013,-0.03795811,-0.014447424,0.0,0.0,-0.1559321,0.0,0.0,0.0,0.0,0.0,0.0,0.0,-0.039661452,0.0,-0.075106025,-0.16009668,-0.18332353,0.0,0.0,0.0,0.04759335,0.058831315,0.0,0.0,0.0,0.0,0.0,0.0,0.0,0.0,-0.030056745,0.0,0.0,0.0,0.0,0.0,-0.10167042,0.0014053447,-0.09232205,0.0,-0.015366113,0.046470482,-0.011496668,0.0,-0.0921644,0.0,0.0,-0.054373592,0.0,0.0,0.0,-0.04841844,estrogen-receptor positive breast cancer
BIOKEY_28,0.0,0.18114181,0.18114181,0.31104776,0.0,-0.39148727,0.06808617,0.0,0.080288544,0.0,0.0,-0.0448236,0.10647736,0.37600073,0.0,0.0,0.016325042,0.2539282,0.0,0.0,0.0,0.0,0.10044088,0.0485551,0.0,0.08078939,0.0,0.30117604,0.0,0.0,0.0,-0.042578947,0.0,0.11959034,0.0,0.0,-0.04087935,0.122608125,0.2539282,0.0,0.0,0.0,0.0,0.0,0.11305623,0.0,0.0,-0.010539031,0.0,0.0,0.28475362,-0.01925371,0.0,0.107519194,0.107519194,0.07695538,0.0,-0.123323776,0.037518635,0.14848635,0.0012176015,0.053714074,0.041075964,0.016389443,0.0,0.08738471,0.0,0.06626353,-0.44545898,0.0,0.015990343,0.0,0.0,0.0,0.062029578,0.059883345,0.0,0.024844619,0.0466585,0.04555485,0.0,0.2539282,0.2539282,0.2539282,0.0,0.0,0.066386804,0.0,0.17969823,0.042586867,0.06116813,0.0,0.0,0.18114181,0.0,0.0,0.0,0.0,0.0,0.0,0.0,0.04012799,0.0,0.18544473,-0.029975412,-0.025496813,0.0,0.0,0.0,0.15284705,0.10267033,0.0,0.0,0.0,0.0,0.0,0.0,0.0,0.0,0.057129946,0.0,0.0,0.0,0.0,0.0,-0.016071111,0.08701035,0.14317048,0.0,-0.058174852,0.23009606,0.08389839,0.0,-0.029818496,0.0,0.0,-0.002562239,0.0,0.0,0.0,0.10814201,HER2 positive breast carcinoma
BIOKEY_29,0.0,-0.05583309,-0.05583309,0.06096176,0.0,-0.39148727,-0.07475015,0.0,0.08483278,0.0,0.0,0.007444966,0.10588061,0.119359195,0.0,0.0,-0.027200703,0.13049941,0.0,0.0,0.0,0.0,-0.00047177626,-0.002395323,0.0,0.039847918,0.0,0.11776513,0.0,0.0,0.0,-0.11189589,0.0,0.13356847,0.0,0.0,-0.001002676,0.13168582,0.13049941,0.0,0.0,0.0,0.0,0.0,0.15556112,0.0,0.0,0.035760015,0.0,0.0,0.092411265,-0.06131543,0.0,0.14109902,0.14109902,0.014052512,0.0,-0.14487886,-0.040300395,-0.006404104,0.12616558,0.089377396,0.05974422,0.18624204,0.0,0.08031005,0.0,0.07740885,-0.44545898,0.0,0.020106537,0.0,0.0,0.0,0.11183227,0.15387309,0.0,0.12718628,0.1357902,0.038555115,0.0,0.13049941,0.13049941,0.13049941,0.0,0.0,0.10129729,0.0,0.15922327,0.009941335,0.037827797,0.0,0.0,-0.05583309,0.0,0.0,0.0,0.0,0.0,0.0,0.0,0.019383527,0.0,-0.039458532,-0.022726113,-0.06753024,0.0,0.0,0.0,0.15663828,-0.026475228,0.0,0.0,0.0,0.0,0.0,0.0,0.0,0.0,0.057701577,0.0,0.0,0.0,0.0,0.0,-0.09242436,0.15275177,0.080018,0.0,0.01580825,0.16560686,0.013591079,0.0,-0.0036729707,0.0,0.0,-0.18253562,0.0,0.0,0.0,0.023223039,estrogen-receptor positive breast cancer
BIOKEY_30,0.0,0.2311792,0.2311792,0.48040274,0.0,-0.39148727,0.24756058,0.0,0.27475342,0.0,0.0,0.12900032,0.3822215,0.60501456,0.0,0.0,0.20537914,0.38358045,0.0,0.0,0.0,0.0,0.25613123,0.40557706,0.0,0.3298511,0.0,0.40616032,0.0,0.0,0.0,0.1743235,0.0,0.4277744,0.0,0.0,0.13796006,0.47983527,0.38358045,0.0,0.0,0.0,0.0,0.0,0.18206927,0.0,0.0,0.19352798,0.0,0.0,0.49216107,0.20158969,0.0,0.21953101,0.21953101,0.26694044,0.0,0.006150507,0.35694784,0.3181937,0.3172006,0.22815458,0.25091672,0.10143337,0.0,0.33656403,0.0,0.29131657,-0.44545898,0.0,0.19611332,0.0,0.0,0.0,0.17904389,0.19586515,0.0,0.30435625,0.1655017,0.17834808,0.0,0.38358045,0.38358045,0.38358045,0.0,0.0,0.33514875,0.0,0.5191241,0.17986567,0.2184006,0.0,0.0,0.2311792,0.0,0.0,0.0,0.0,0.0,0.0,0.0,0.31312922,0.0,0.11343777,0.24583389,0.39004546,0.0,0.0,0.0,0.23311113,0.18497962,0.0,0.0,0.0,0.0,0.0,0.0,0.0,0.0,0.26693934,0.0,0.0,0.0,0.0,0.0,0.05758762,0.5279588,0.11376694,0.0,0.18587294,0.3983708,0.17161486,0.0,0.20432584,0.0,0.0,0.13032374,0.0,0.0,0.0,0.004834911,estrogen-receptor positive breast cancer
BIOKEY_31,0.0,-0.051656395,-0.051656395,-0.059964165,0.0,-0.39148727,0.00033913393,0.0,-0.003092959,0.0,0.0,-0.011769627,0.028284771,-0.06411804,0.0,0.0,-0.04015128,0.17142144,0.0,0.0,0.0,0.0,-0.026980115,-0.103730015,0.0,0.012655499,0.0,0.06835734,0.0,0.0,0.0,-0.030444419,0.0,0.08599664,0.0,0.0,-0.065412536,0.08657945,0.17142144,0.0,0.0,0.0,0.0,0.0,0.01471302,0.0,0.0,0.09781342,0.0,0.0,-0.07591527,-0.07738767,0.0,0.083665356,0.083665356,-0.017734712,0.0,-0.12337818,0.08582787,0.06422769,-0.11970733,-0.05755092,-0.030571377,-0.07570432,0.0,-0.017201846,0.0,0.006582311,-0.44545898,0.0,-0.04774196,0.0,0.0,0.0,-0.00034944055,0.010611994,0.0,0.0018239901,-0.0013203685,-0.013985167,0.0,0.17142144,0.17142144,0.17142144,0.0,0.0,0.13585941,0.0,0.016485732,0.011554859,0.020141313,0.0,0.0,-0.051656395,0.0,0.0,0.0,0.0,0.0,0.0,0.0,-0.16280872,0.0,-0.09412646,-0.15872361,-0.2137341,0.0,0.0,0.0,0.10302439,0.06470417,0.0,0.0,0.0,0.0,0.0,0.0,0.0,0.0,-0.025943737,0.0,0.0,0.0,0.0,0.0,0.06855599,-0.018099507,-0.03827001,0.0,-0.08818503,-0.100984834,0.032097913,0.0,-0.023218993,0.0,0.0,-0.09795548,0.0,0.0,0.0,-0.0076288152,triple-negative breast carcinoma
BIOKEY_32,0.0,-0.6786419,-0.6786419,-0.43828592,0.0,-0.39148727,-0.11866532,0.0,-0.07832013,0.0,0.0,-0.1472896,-0.17838013,-0.31810796,0.0,0.0,-0.110203385,-0.32412106,0.0,0.0,0.0,0.0,-0.12958093,-0.15504496,0.0,-0.08985602,0.0,-0.23741794,0.0,0.0,0.0,-0.16176455,0.0,-0.061050706,0.0,0.0,-0.10475052,-0.072115414,-0.32412106,0.0,0.0,0.0,0.0,0.0,-0.1534852,0.0,0.0,-0.03983884,0.0,0.0,-0.27484876,-0.07751111,0.0,-0.016791936,-0.016791936,-0.20889723,0.0,-0.24839768,-0.11302238,-0.17491947,-0.048304517,-0.09603295,-0.113554016,-0.09304357,0.0,-0.111396916,0.0,-0.07830656,-0.445459,0.0,-0.14202878,0.0,0.0,0.0,-0.13882415,-0.14908017,0.0,-0.07389518,-0.10247672,-0.046350386,0.0,-0.32412106,-0.32412106,-0.32412106,0.0,0.0,-0.007132259,0.0,-0.07806915,-0.18125728,-0.14343216,0.0,0.0,-0.6786419,0.0,0.0,0.0,0.0,0.0,0.0,0.0,-0.12862968,0.0,-0.16553977,-0.17517214,-0.28906986,0.0,0.0,0.0,-0.06849253,-0.009984572,0.0,0.0,0.0,0.0,0.0,0.0,0.0,0.0,-0.07653983,0.0,0.0,0.0,0.0,0.0,-0.08934615,-0.0059806164,-0.15234718,0.0,-0.117403254,-0.042547546,-0.11733194,0.0,-0.12594904,0.0,0.0,-0.1328526,0.0,0.0,0.0,-0.08883408,estrogen-receptor positive breast cancer
BIOKEY_33,0.0,-0.23187865,-0.23187865,0.014684424,0.0,-0.39148724,-0.10721597,0.0,-0.04338564,0.0,0.0,-0.05725377,-0.104951136,0.13796596,0.0,0.0,-0.03333354,-0.24606678,0.0,0.0,0.0,0.0,-0.02939159,-0.13381109,0.0,-0.04953665,0.0,-0.15006842,0.0,0.0,0.0,-0.18649015,0.0,-0.06569332,0.0,0.0,-0.079381876,-0.05622519,-0.24606678,0.0,0.0,0.0,0.0,0.0,-0.057269737,0.0,0.0,-0.053676855,0.0,0.0,0.053378597,-0.07687661,0.0,-0.10356589,-0.10356589,-0.09701794,0.0,-0.2600328,-0.1679819,-0.16321695,-0.16487685,-0.08715369,-0.041909408,-0.12546277,0.0,-0.07072273,0.0,-0.026007472,-0.44545898,0.0,-0.07005968,0.0,0.0,0.0,-0.034756113,-0.019837925,0.0,-0.06829341,-0.024855014,-0.036537535,0.0,-0.24606678,-0.24606678,-0.24606678,0.0,0.0,-0.03143028,0.0,0.030358808,-0.098567,-0.072385594,0.0,0.0,-0.23187865,0.0,0.0,0.0,0.0,0.0,0.0,0.0,0.08207312,0.0,-0.0559123,-0.1764065,-0.16785216,0.0,0.0,0.0,0.005731448,-0.026210112,0.0,0.0,0.0,0.0,0.0,0.0,0.0,0.0,-0.029988732,0.0,0.0,0.0,0.0,0.0,-0.12440493,-0.09326932,-0.03618918,0.0,-0.073337056,-0.031124877,-0.060885824,0.0,-0.07394197,0.0,0.0,-0.10176777,0.0,0.0,0.0,-0.043913018,triple-negative breast carcinoma
BIOKEY_34,0.0,0.04347972,0.04347972,0.07464237,0.0,-0.39148727,-0.10325385,0.0,-0.10727489,0.0,0.0,-0.08758354,-0.071418144,0.09022369,0.0,0.0,-0.16346452,0.034773078,0.0,0.0,0.0,0.0,-0.06718956,-0.11644787,0.0,-0.040832937,0.0,0.07620646,0.0,0.0,0.0,-0.0948324,0.0,-0.033383332,0.0,0.0,-0.11413204,0.0057820147,0.034773078,0.0,0.0,0.0,0.0,0.0,0.046906345,0.0,0.0,-0.11150562,0.0,0.0,0.04788228,-0.13361336,0.0,-0.19004475,-0.19004475,-0.06383392,0.0,-0.22335605,-0.06103846,-0.013848542,-0.10636852,-0.032488633,-0.07698166,0.2755342,0.0,-0.04390871,0.0,-0.11501055,-0.44545898,0.0,-0.11324091,0.0,0.0,0.0,-0.075600766,-0.06516199,0.0,0.010376106,-0.09197543,-0.16999395,0.0,0.034773078,0.034773078,0.034773078,0.0,0.0,0.004469775,0.0,-0.23577915,-0.1502457,-0.14200018,0.0,0.0,0.04347972,0.0,0.0,0.0,0.0,0.0,0.0,0.0,-0.112837926,0.0,-0.10105153,-0.16505529,-0.23932834,0.0,0.0,0.0,-0.0036651418,-0.14400013,0.0,0.0,0.0,0.0,0.0,0.0,0.0,0.0,-0.06362549,0.0,0.0,0.0,0.0,0.0,-0.089757614,-0.08914211,-0.1376265,0.0,-0.09300407,-0.057253163,-0.056258112,0.0,-0.15416074,0.0,0.0,-0.15825684,0.0,0.0,0.0,-0.13301511,triple-negative breast carcinoma
BIOKEY_35,0.0,-0.09025292,-0.09025292,-0.072293006,0.0,-0.3914873,0.0003971076,0.0,-0.030672733,0.0,0.0,-0.11079273,-0.04774901,-0.06331304,0.0,0.0,-0.0058258832,-0.07886797,0.0,0.0,0.0,0.0,-0.02947852,-0.1008743,0.0,-0.058668666,0.0,0.005976212,0.0,0.0,0.0,-0.1251493,0.0,-0.025968844,0.0,0.0,-0.109196685,-0.014557069,-0.07886797,0.0,0.0,0.0,0.0,0.0,-0.066373214,0.0,0.0,-0.06237965,0.0,0.0,-0.08676647,-0.1166673,0.0,-0.07161599,-0.07161599,-0.029829616,0.0,-0.20956953,-0.07612638,-0.027393831,-0.11924363,-0.06634393,-0.053575184,0.024518635,0.0,-0.05121709,0.0,-0.023269687,-0.44545898,0.0,-0.08389178,0.0,0.0,0.0,-0.051669978,-0.061433688,0.0,-0.14486593,-0.062559634,-0.033284556,0.0,-0.07886797,-0.07886797,-0.07886797,0.0,0.0,-0.010690242,0.0,-0.068928815,-0.08929643,-0.07003875,0.0,0.0,-0.09025292,0.0,0.0,0.0,0.0,0.0,0.0,0.0,-0.056145735,0.0,0.018802062,-0.14190373,-0.100939944,0.0,0.0,0.0,0.0027072309,0.023407672,0.0,0.0,0.0,0.0,0.0,0.0,0.0,0.0,-0.053713575,0.0,0.0,0.0,0.0,0.0,-0.06022692,-0.036950316,-0.03748839,0.0,-0.11939105,0.060765732,-0.04264417,0.0,-0.07633948,0.0,0.0,-0.14295523,0.0,0.0,0.0,-0.013275191,triple-negative breast carcinoma
BIOKEY_36,0.0,-0.2804239,-0.2804239,-0.05578917,0.0,-0.39148727,-0.07186109,0.0,-0.038682505,0.0,0.0,-0.12304979,-0.11091856,0.05652822,0.0,0.0,-0.026789019,-0.043525256,0.0,0.0,0.0,0.0,-0.08134282,-0.146218,0.0,-0.06150177,0.0,-0.08943337,0.0,0.0,0.0,-0.13186632,0.0,-0.032858353,0.0,0.0,-0.10360288,-0.024402402,-0.043525256,0.0,0.0,0.0,0.0,0.0,0.05812317,0.0,0.0,-0.14124152,0.0,0.0,-0.005453252,-0.10170044,0.0,-0.06668219,-0.06668219,-0.09980835,0.0,-0.23208956,-0.08142565,-0.094561964,-0.0894368,-0.057935547,-0.092715755,-0.050240487,0.0,-0.037398256,0.0,-0.06587506,-0.44545898,0.0,-0.11697204,0.0,0.0,0.0,-0.08880618,-0.074615814,0.0,0.0273502,-0.07234043,-0.06448009,0.0,-0.043525256,-0.043525256,-0.043525256,0.0,0.0,-0.050741207,0.0,-0.06841961,-0.0730898,-0.073097706,0.0,0.0,-0.2804239,0.0,0.0,0.0,0.0,0.0,0.0,0.0,-0.061724152,0.0,-0.065845415,-0.28040147,-0.28993666,0.0,0.0,0.0,-0.041797753,-0.035794962,0.0,0.0,0.0,0.0,0.0,0.0,0.0,0.0,-0.06935291,0.0,0.0,0.0,0.0,0.0,-0.07935304,-0.12668133,-0.10053852,0.0,-0.07747625,0.045514032,-0.089803234,0.0,-0.12541674,0.0,0.0,-0.11972811,0.0,0.0,0.0,-0.059397575,triple-negative breast carcinoma
BIOKEY_37,0.0,-0.35489002,-0.35489002,0.021642264,0.0,-0.39148727,-0.08219303,0.0,-0.08192369,0.0,0.0,-0.13776657,-0.12896389,0.20990841,0.0,0.0,-0.11740789,-0.046492707,0.0,0.0,0.0,0.0,-0.09774408,-0.13188648,0.0,-0.10647076,0.0,-0.18057463,0.0,0.0,0.0,-0.14805764,0.0,-0.06615814,0.0,0.0,-0.13553226,-0.057103723,-0.046492707,0.0,0.0,0.0,0.0,0.0,-0.033494547,0.0,0.0,-0.045211155,0.0,0.0,0.07405894,-0.10749207,0.0,-0.10237583,-0.10237583,-0.12500437,0.0,-0.24830613,-0.09821293,-0.12258864,-0.08663241,-0.08102215,-0.1013044,-0.12035699,0.0,-0.081986725,0.0,-0.09745397,-0.44545898,0.0,-0.14487262,0.0,0.0,0.0,-0.118513115,-0.070303306,0.0,-0.056769382,-0.09728864,-0.12696786,0.0,-0.046492707,-0.046492707,-0.046492707,0.0,0.0,-0.043115977,0.0,0.017048515,-0.13158695,-0.11637804,0.0,0.0,-0.35489002,0.0,0.0,0.0,0.0,0.0,0.0,0.0,-0.19538587,0.0,-0.120518364,-0.23572391,-0.25874653,0.0,0.0,0.0,-0.0839825,-0.10003477,0.0,0.0,0.0,0.0,0.0,0.0,0.0,0.0,-0.09770005,0.0,0.0,0.0,0.0,0.0,-0.13185549,-0.15782164,-0.13788551,0.0,-0.14164323,-0.07590198,-0.097830676,0.0,-0.12984207,0.0,0.0,-0.13741925,0.0,0.0,0.0,-0.15772888,estrogen-receptor positive breast cancer
BIOKEY_38,0.0,-0.27905646,-0.27905646,-0.07965344,0.0,-0.39148727,-0.08237015,0.0,-0.00213973,0.0,0.0,-0.09062745,-0.07239899,0.020048074,0.0,0.0,-0.02115219,-0.10442438,0.0,0.0,0.0,0.0,-0.025041154,-0.028004196,0.0,-0.00043832557,0.0,-0.1383013,0.0,0.0,0.0,-0.043440815,0.0,-0.0008317573,0.0,0.0,-0.0919473,0.0022498886,-0.10442438,0.0,0.0,0.0,0.0,0.0,-0.07307675,0.0,0.0,-0.0975575,0.0,0.0,-0.011000417,-0.021589153,0.0,-0.013158377,-0.013158377,-0.081523806,0.0,-0.21392594,0.019554868,-0.08860594,-0.014938594,-0.038972437,-0.058303103,-0.092867754,0.0,-0.0011980445,0.0,0.014550204,-0.44545898,0.0,-0.042055037,0.0,0.0,0.0,-0.061364755,-0.03163113,0.0,0.2053155,-0.044870026,0.033582605,0.0,-0.10442438,-0.10442438,-0.10442438,0.0,0.0,0.05792097,0.0,0.053536113,-0.032504935,-0.006552312,0.0,0.0,-0.27905646,0.0,0.0,0.0,0.0,0.0,0.0,0.0,0.0084877815,0.0,-0.0059875958,-0.13152494,-0.14043283,0.0,0.0,0.0,0.0026032433,-0.1176357,0.0,0.0,0.0,0.0,0.0,0.0,0.0,0.0,-0.03432592,0.0,0.0,0.0,0.0,0.0,-0.033523954,0.011039109,0.01765171,0.0,0.06264241,0.060915627,0.0092943385,0.0,-0.06462553,0.0,0.0,-0.12105982,0.0,0.0,0.0,-0.17683847,HER2 positive breast carcinoma
BIOKEY_39,0.0,-0.37142187,-0.37142187,-0.13408135,0.0,-0.39148727,0.014683068,0.0,-0.04744365,0.0,0.0,-0.109936796,-0.06367085,-0.015411069,0.0,0.0,-0.15296277,-0.102315664,0.0,0.0,0.0,0.0,-0.049574327,-0.06959542,0.0,-0.04610094,0.0,-0.019899495,0.0,0.0,0.0,-0.11011803,0.0,-0.022420071,0.0,0.0,-0.109104924,-0.022333259,-0.102315664,0.0,0.0,0.0,0.0,0.0,0.073280655,0.0,0.0,-0.014360338,0.0,0.0,-0.082194895,-0.107501194,0.0,-0.02276735,-0.02276735,-0.10701725,0.0,-0.21763873,-0.05064988,-0.03493785,-0.04341885,-0.04295122,-0.05770171,-0.048779264,0.0,-0.010361464,0.0,-0.070401944,-0.44545898,0.0,-0.105236985,0.0,0.0,0.0,-0.06457062,-0.03090117,0.0,0.106153734,-0.089221545,-0.13083878,0.0,-0.102315664,-0.102315664,-0.102315664,0.0,0.0,0.055568114,0.0,-0.008952507,-0.08564586,-0.07589156,0.0,0.0,-0.37142187,0.0,0.0,0.0,0.0,0.0,0.0,0.0,-0.13145871,0.0,-0.13796745,-0.2305445,-0.2597088,0.0,0.0,0.0,0.010528291,-0.010228813,0.0,0.0,0.0,0.0,0.0,0.0,0.0,0.0,-0.052876864,0.0,0.0,0.0,0.0,0.0,-0.14464599,-0.010618159,-0.034197588,0.0,-0.025572462,0.1218335,-0.05326566,0.0,-0.11652494,0.0,0.0,-0.15383035,0.0,0.0,0.0,-0.069081925,triple-negative breast carcinoma
BIOKEY_40,0.0,-0.3371537,-0.3371537,-0.0028189537,0.0,-0.39148724,-0.09635502,0.0,-0.10890973,0.0,0.0,-0.18283518,-0.16345093,0.16434842,0.0,0.0,-0.16214806,-0.09365117,0.0,0.0,0.0,0.0,-0.12444039,-0.1398909,0.0,-0.13268687,0.0,-0.250865,0.0,0.0,0.0,-0.17759988,0.0,-0.13526152,0.0,0.0,-0.15001377,-0.13185096,-0.09365117,0.0,0.0,0.0,0.0,0.0,-0.0029868674,0.0,0.0,-0.14124152,0.0,0.0,0.03325153,-0.13400856,0.0,-0.14890376,-0.14890376,-0.16207701,0.0,-0.2591512,-0.1184128,-0.18852048,-0.15652815,-0.13827144,-0.14478318,-0.12609011,0.0,-0.14305943,0.0,-0.1287016,-0.44545895,0.0,-0.16108061,0.0,0.0,0.0,-0.12050113,-0.12918553,0.0,-0.070036836,-0.11296896,-0.11641106,0.0,-0.09365117,-0.09365117,-0.09365117,0.0,0.0,0.016709339,0.0,-0.022113357,-0.12280251,-0.1280187,0.0,0.0,-0.3371537,0.0,0.0,0.0,0.0,0.0,0.0,0.0,-0.21167476,0.0,-0.0622401,-0.21733527,-0.16495603,0.0,0.0,0.0,-0.085897796,-0.15890703,0.0,0.0,0.0,0.0,0.0,0.0,0.0,0.0,-0.13687979,0.0,0.0,0.0,0.0,0.0,-0.15543325,-0.15411009,-0.12817807,0.0,-0.073193334,-0.05057468,-0.10957212,0.0,-0.1864285,0.0,0.0,-0.17906591,0.0,0.0,0.0,-0.022683742,estrogen-receptor positive breast cancer
BIOKEY_41,0.0,-0.093673505,-0.093673505,-0.04195467,0.0,-0.39148727,-0.07784419,0.0,-0.07623216,0.0,0.0,-0.07100814,-0.030097118,-0.016095242,0.0,0.0,-0.11223374,0.044826355,0.0,0.0,0.0,0.0,-0.04136654,-0.09674327,0.0,-0.052906662,0.0,-0.015100482,0.0,0.0,0.0,-0.14718802,0.0,-0.049166985,0.0,0.0,-0.10606625,-0.033820514,0.044826355,0.0,0.0,0.0,0.0,0.0,0.0046411,0.0,0.0,0.08032352,0.0,0.0,-0.05267821,-0.14474273,0.0,-0.1105529,-0.1105529,-0.10582288,0.0,-0.1573865,-0.07865698,-0.058316357,-0.02358806,-0.053406496,-0.04828168,-0.07512473,0.0,-0.093383096,0.0,-0.070228525,-0.44545898,0.0,-0.08406733,0.0,0.0,0.0,-0.039396893,-0.04885074,0.0,-0.036012724,-0.025458042,-0.039138928,0.0,0.044826355,0.044826355,0.044826355,0.0,0.0,-0.021721216,0.0,-0.09666744,-0.12031602,-0.11029564,0.0,0.0,-0.093673505,0.0,0.0,0.0,0.0,0.0,0.0,0.0,-0.102636866,0.0,-0.07248508,-0.19674323,-0.21703562,0.0,0.0,0.0,-0.060495432,0.021829212,0.0,0.0,0.0,0.0,0.0,0.0,0.0,0.0,-0.054043345,0.0,0.0,0.0,0.0,0.0,-0.05650378,-0.09805811,-0.11296453,0.0,-0.12877056,-0.10529303,-0.07851254,0.0,-0.063900195,0.0,0.0,-0.17208898,0.0,0.0,0.0,-0.062643945,triple-negative breast carcinoma
BIOKEY_42,0.0,-0.25585848,-0.25585848,0.12352626,0.0,-0.39148724,-0.099419296,0.0,-0.059674684,0.0,0.0,-0.0707108,-0.074343026,0.31321862,0.0,0.0,-0.14209394,-0.06775195,0.0,0.0,0.0,0.0,-0.036287207,-0.04959235,0.0,-0.02567984,0.0,-0.1365071,0.0,0.0,0.0,-0.17719023,0.0,0.09901853,0.0,0.0,-0.11060853,0.124820575,-0.06775195,0.0,0.0,0.0,0.0,0.0,-0.0404942,0.0,0.0,-0.10212172,0.0,0.0,0.15471788,-0.09431026,0.0,-0.0041896817,-0.0041896817,-0.111758634,0.0,-0.21022302,-0.16021705,-0.16513358,-0.11575842,-0.07781656,-0.077450134,-0.12398395,0.0,-0.049191386,0.0,-0.053985484,-0.44545898,0.0,-0.09016942,0.0,0.0,0.0,-0.0621858,-0.070980124,0.0,0.08379219,-0.070978254,-0.1525932,0.0,-0.06775195,-0.06775195,-0.06775195,0.0,0.0,0.22833192,0.0,0.15558575,-0.09381719,-0.08920663,0.0,0.0,-0.25585848,0.0,0.0,0.0,0.0,0.0,0.0,0.0,-0.20980163,0.0,-0.02979499,-0.16140257,-0.14745508,0.0,0.0,0.0,-0.07071442,-0.06866834,0.0,0.0,0.0,0.0,0.0,0.0,0.0,0.0,-0.049729113,0.0,0.0,0.0,0.0,0.0,-0.16353752,0.0069718873,-0.044341806,0.0,-0.0024112216,-0.06352261,-0.040348798,0.0,-0.10019797,0.0,0.0,-0.094597906,0.0,0.0,0.0,-0.06990978,estrogen-receptor positive breast cancer
CID3586,0.0,0.2822079,0.2822079,-0.046350263,0.0,0.14591399,-0.1112129,0.0,-0.20584516,0.0,0.0,-0.19871135,-0.28197375,-0.21062934,0.0,0.0,-0.13328108,-0.39833185,0.0,0.0,0.0,0.0,-0.20157221,-0.26867342,0.0,-0.25162497,0.0,-0.3877673,0.0,0.0,0.0,-0.058958575,0.0,-0.26689,0.0,0.0,-0.16849995,-0.25981143,-0.39833185,0.0,0.0,0.0,0.0,0.0,-0.22020449,0.0,0.0,-0.10684437,0.0,0.0,-0.22218649,-0.21185897,0.0,-0.2952043,-0.2952043,-0.13104124,0.0,-0.17624192,0.025405202,-0.14816953,-0.3477416,-0.25429705,-0.16633701,-0.18684451,0.0,-0.2627719,0.0,-0.1951676,-0.24085847,0.0,-0.19411923,0.0,0.0,0.0,-0.18477932,-0.21083705,0.0,-0.21942198,-0.16438827,-0.15543415,0.0,-0.39833185,-0.39833185,-0.39833185,0.0,0.0,-0.20083821,0.0,-0.037346695,-0.2375728,-0.24114001,0.0,0.0,0.2822079,0.0,0.0,0.0,0.0,0.0,0.0,0.0,-0.29440415,0.0,-0.16189717,-0.28201666,-0.39345136,0.0,0.0,0.0,-0.2593954,-0.19864848,0.0,0.0,0.0,0.0,0.0,0.0,0.0,0.0,-0.13492046,0.0,0.0,0.0,0.0,0.0,-0.13359545,-0.09440635,-0.13722701,0.0,-0.21729605,-0.31218913,-0.18574205,0.0,-0.15550768,0.0,0.0,-0.14129268,0.0,0.0,0.0,-0.10669985,invasive ductal breast carcinoma
CID3838,0.0,0.7840608,0.7840608,0.45155546,0.0,0.7581449,0.010385805,0.0,0.22383206,0.0,0.0,0.18143724,0.19002688,0.28530285,0.0,0.0,0.3128361,0.21294822,0.0,0.0,0.0,0.0,0.22456335,0.084874965,0.0,0.14187473,0.0,0.23263507,0.0,0.0,0.0,0.2400662,0.0,0.061500236,0.0,0.0,0.14245726,0.045198817,0.21294822,0.0,0.0,0.0,0.0,0.0,0.115903296,0.0,0.0,-0.102128714,0.0,0.0,0.28710532,0.22237508,0.0,0.12670591,0.12670591,0.3262868,0.0,0.35345894,0.23132737,0.2765418,0.13121344,0.14264308,0.1605623,0.2692093,0.0,0.21030192,0.0,0.13469361,0.43001732,0.0,0.1094142,0.0,0.0,0.0,0.24635312,0.21250504,0.0,0.26784357,0.17162366,0.09627191,0.0,0.21294822,0.21294822,0.21294822,0.0,0.0,-0.06737614,0.0,0.40615737,0.20396653,0.16352929,0.0,0.0,0.7840608,0.0,0.0,0.0,0.0,0.0,0.0,0.0,0.14332242,0.0,0.0883363,0.1225286,-0.022045651,0.0,0.0,0.0,0.19949639,0.14941518,0.0,0.0,0.0,0.0,0.0,0.0,0.0,0.0,0.19713926,0.0,0.0,0.0,0.0,0.0,-0.08420932,0.30204007,0.5278025,0.0,0.1959968,0.107614666,0.13277064,0.0,0.17685212,0.0,0.0,0.3342648,0.0,0.0,0.0,0.24173898,invasive ductal breast carcinoma
CID3921,0.0,0.33532238,0.33532238,0.047802284,0.0,0.40876758,0.12400494,0.0,0.04619485,0.0,0.0,-0.06225272,-0.018153494,-0.09595777,0.0,0.0,0.039427694,-0.009274652,0.0,0.0,0.0,0.0,0.002989109,-0.057417788,0.0,-0.010720855,0.0,-0.048058644,0.0,0.0,0.0,0.11981075,0.0,-0.0037889553,0.0,0.0,-0.013082965,-0.004919642,-0.009274652,0.0,0.0,0.0,0.0,0.0,0.036852352,0.0,0.0,-0.10617978,0.0,0.0,-0.06326917,0.010996684,0.0,0.00073375535,0.00073375535,0.06997044,0.0,0.03916869,0.10542524,0.09537224,-0.016125537,0.001148744,0.011008255,-0.042404998,0.0,-0.03549213,0.0,0.0012840871,0.09710035,0.0,0.0012761295,0.0,0.0,0.0,-0.04992241,-0.033159707,0.0,-0.013039429,-0.02943915,-0.053976525,0.0,-0.009274652,-0.009274652,-0.009274652,0.0,0.0,0.128749,0.0,0.18085776,-0.016085254,-0.017659863,0.0,0.0,0.33532238,0.0,0.0,0.0,0.0,0.0,0.0,0.0,-0.10989417,0.0,-0.049615625,-0.10433569,-0.17288764,0.0,0.0,0.0,0.035483975,-0.011931557,0.0,0.0,0.0,0.0,0.0,0.0,0.0,0.0,0.0348461,0.0,0.0,0.0,0.0,0.0,0.072572015,0.16787894,-0.06663844,0.0,-0.052222367,0.02629336,0.010757238,0.0,-0.02063549,0.0,0.0,0.05629764,0.0,0.0,0.0,0.051670656,invasive ductal breast carcinoma
CID3941,0.0,0.089529715,0.089529715,0.072634585,0.0,0.39409468,-0.0592678,0.0,-0.0983411,0.0,0.0,-0.14395584,-0.15837072,0.06418701,0.0,0.0,-0.07390102,-0.38943145,0.0,0.0,0.0,0.0,-0.14301735,-0.15988448,0.0,-0.14327843,0.0,-0.0698861,0.0,0.0,0.0,-0.04527551,0.0,-0.16591048,0.0,0.0,-0.11266149,-0.1537372,-0.38943145,0.0,0.0,0.0,0.0,0.0,-0.20775738,0.0,0.0,-0.14124152,0.0,0.0,-0.019559162,-0.13797921,0.0,-0.21460368,-0.21460368,-0.0961639,0.0,-0.044563185,0.026409486,-0.015392274,-0.19518809,-0.1765666,-0.1375446,-0.23106766,0.0,-0.18046325,0.0,-0.1490851,-0.22997223,0.0,-0.15992586,0.0,0.0,0.0,-0.14318553,-0.16918816,0.0,-0.1888788,-0.1317652,-0.12927236,0.0,-0.38943145,-0.38943145,-0.38943145,0.0,0.0,-0.033065926,0.0,0.2153519,-0.13555034,-0.15531518,0.0,0.0,0.089529715,0.0,0.0,0.0,0.0,0.0,0.0,0.0,-0.1315627,0.0,-0.18675578,-0.14605235,-0.2660018,0.0,0.0,0.0,-0.11387007,-0.18763578,0.0,0.0,0.0,0.0,0.0,0.0,0.0,0.0,-0.10415285,0.0,0.0,0.0,0.0,0.0,-0.093913116,0.012227213,-0.13649456,0.0,-0.07986418,-0.38374686,-0.11862804,0.0,-0.10034422,0.0,0.0,-0.030450756,0.0,0.0,0.0,0.10441514,invasive ductal breast carcinoma
CID3946,0.0,-0.6298405,-0.6298405,-0.58614975,0.0,-0.09112546,-0.11866532,0.0,-0.32495084,0.0,0.0,-0.21388575,-0.37557933,-0.56430435,0.0,0.0,-0.21248336,-0.48073173,0.0,0.0,0.0,0.0,-0.24804462,-0.26178306,0.0,-0.3119231,0.0,-0.4935864,0.0,0.0,0.0,-0.3043798,0.0,-0.3662253,0.0,0.0,-0.21401483,-0.3965313,-0.48073173,0.0,0.0,0.0,0.0,0.0,-0.25055197,0.0,0.0,-0.14124152,0.0,0.0,-0.49404997,-0.20419043,0.0,-0.24500121,-0.24500121,-0.21903121,0.0,-0.2146092,-0.302007,-0.34030578,-0.35844597,-0.29468262,-0.23806626,-0.07425826,0.0,-0.27315485,0.0,-0.29105493,0.7407357,0.0,-0.2544485,0.0,0.0,0.0,-0.21267456,-0.24376895,0.0,-0.20689002,-0.21986887,-0.18828574,0.0,-0.48073173,-0.48073173,-0.48073173,0.0,0.0,-0.23260532,0.0,-0.7105343,-0.2771137,-0.29845688,0.0,0.0,-0.6298405,0.0,0.0,0.0,0.0,0.0,0.0,0.0,-0.3244595,0.0,-0.1931259,-0.28770465,-0.34521243,0.0,0.0,0.0,-0.32014003,-0.24000682,0.0,0.0,0.0,0.0,0.0,0.0,0.0,0.0,-0.26279142,0.0,0.0,0.0,0.0,0.0,-0.18587384,-0.5114679,-0.043239903,0.0,-0.25319156,-0.50650793,-0.28650317,0.0,-0.21435878,0.0,0.0,-0.14437895,0.0,0.0,0.0,-0.25833747,invasive ductal breast carcinoma
CID3948,0.0,-0.000766812,-0.000766812,-0.1607249,0.0,0.027748942,-0.09981111,0.0,-0.22669636,0.0,0.0,-0.21265998,-0.24056642,-0.24070393,0.0,0.0,-0.1323799,-0.4266793,0.0,0.0,0.0,0.0,-0.19787194,-0.2735057,0.0,-0.24115293,0.0,-0.37635717,0.0,0.0,0.0,-0.15093873,0.0,-0.24482661,0.0,0.0,-0.17531012,-0.23925926,-0.4266793,0.0,0.0,0.0,0.0,0.0,-0.18011865,0.0,0.0,-0.061013844,0.0,0.0,-0.26468718,-0.18656117,0.0,-0.26709616,-0.26709616,-0.13873343,0.0,-0.15061292,-0.15494348,-0.22473285,-0.26661912,-0.23617719,-0.18605989,-0.09346147,0.0,-0.26737174,0.0,-0.21243994,0.8489912,0.0,-0.2022659,0.0,0.0,0.0,-0.22720627,-0.23879112,0.0,-0.23741783,-0.19226897,-0.18815115,0.0,-0.4266793,-0.4266793,-0.4266793,0.0,0.0,-0.18460597,0.0,-0.36690468,-0.26598743,-0.25623944,0.0,0.0,-0.000766812,0.0,0.0,0.0,0.0,0.0,0.0,0.0,-0.24778102,0.0,-0.20420836,-0.3137343,-0.43732974,0.0,0.0,0.0,-0.22979198,-0.19532299,0.0,0.0,0.0,0.0,0.0,0.0,0.0,0.0,-0.1558364,0.0,0.0,0.0,0.0,0.0,-0.13384578,-0.30427775,-0.19174767,0.0,-0.19660479,-0.5226124,-0.20499824,0.0,-0.1794595,0.0,0.0,-0.16276932,0.0,0.0,0.0,-0.065822914,invasive ductal breast carcinoma
CID3963,0.0,0.31242457,0.31242457,0.13531114,0.0,0.28465116,-0.06972707,0.0,-0.098759435,0.0,0.0,-0.1669774,-0.119844474,0.046754424,0.0,0.0,-0.052078053,-0.24321452,0.0,0.0,0.0,0.0,-0.11804694,-0.19080052,0.0,-0.14847408,0.0,-0.062486142,0.0,0.0,0.0,0.0021665408,0.0,-0.13016397,0.0,0.0,-0.12428961,-0.12744534,-0.24321452,0.0,0.0,0.0,0.0,0.0,-0.1841345,0.0,0.0,-0.10781496,0.0,0.0,-0.045687355,-0.14629716,0.0,-0.14103855,-0.14103855,0.0061390614,0.0,-0.030615456,0.01775649,0.020913277,-0.22000955,-0.18063621,-0.11164336,-0.08450647,0.0,-0.14280947,0.0,-0.124968044,0.43941256,0.0,-0.14093831,0.0,0.0,0.0,-0.14702538,-0.1665478,0.0,-0.14195782,-0.13685212,-0.1152512,0.0,-0.24321452,-0.24321452,-0.24321452,0.0,0.0,-0.09661235,0.0,0.109957874,-0.14275719,-0.14010404,0.0,0.0,0.31242457,0.0,0.0,0.0,0.0,0.0,0.0,0.0,-0.22229107,0.0,-0.10894361,-0.24695168,-0.27240485,0.0,0.0,0.0,-0.11229212,-0.09716864,0.0,0.0,0.0,0.0,0.0,0.0,0.0,0.0,-0.07496274,0.0,0.0,0.0,0.0,0.0,-0.1133637,-0.0839538,-0.13499437,0.0,-0.16179112,-0.29957557,-0.100755565,0.0,-0.1077881,0.0,0.0,-0.11154355,0.0,0.0,0.0,-0.04601035,invasive ductal breast carcinoma
CID4040,0.0,0.57819533,0.57819533,0.41699582,0.0,0.57468516,-0.050104637,0.0,0.09195557,0.0,0.0,0.07662027,0.096868075,0.33639607,0.0,0.0,0.12821944,0.16888301,0.0,0.0,0.0,0.0,0.0832327,-0.049631555,0.0,0.029439457,0.0,0.05527473,0.0,0.0,0.0,0.1550686,0.0,-0.024011903,0.0,0.0,-0.0070533836,-0.029712765,0.16888301,0.0,0.0,0.0,0.0,0.0,-0.09143032,0.0,0.0,-0.09489416,0.0,0.0,0.19049302,0.08880889,0.0,-0.0012084867,-0.0012084867,0.1809164,0.0,0.21208079,0.19177902,0.1419222,0.06448596,0.04722121,0.024397708,-0.012176427,0.0,0.08666794,0.0,-0.018538127,0.45505744,0.0,0.02019622,0.0,0.0,0.0,0.10505663,0.11944886,0.0,0.17814349,0.05307703,0.041653045,0.0,0.16888301,0.16888301,0.16888301,0.0,0.0,-0.15214965,0.0,0.34710816,0.07355532,0.050062295,0.0,0.0,0.57819533,0.0,0.0,0.0,0.0,0.0,0.0,0.0,0.13196915,0.0,-0.027059864,-0.11813242,-0.16396333,0.0,0.0,0.0,0.095036805,0.1983772,0.0,0.0,0.0,0.0,0.0,0.0,0.0,0.0,0.042110886,0.0,0.0,0.0,0.0,0.0,-0.07399686,0.17566992,0.3544545,0.0,0.09774846,-0.0814576,-0.011976557,0.0,0.056693006,0.0,0.0,0.1796651,0.0,0.0,0.0,0.23384756,invasive ductal breast carcinoma
CID4066,0.0,0.1376683,0.1376683,-0.12826602,0.0,0.32757333,-0.059674278,0.0,-0.07032785,0.0,0.0,-0.11994579,-0.064140946,-0.26123318,0.0,0.0,-0.04103993,-0.0748628,0.0,0.0,0.0,0.0,-0.093127556,-0.14439473,0.0,-0.1075208,0.0,-0.07301562,0.0,0.0,0.0,0.043743543,0.0,-0.08098494,0.0,0.0,-0.08490797,-0.06022295,-0.0748628,0.0,0.0,0.0,0.0,0.0,-0.051663317,0.0,0.0,-0.078275815,0.0,0.0,-0.22738767,-0.07516196,0.0,-0.16403292,-0.16403292,-0.008591315,0.0,-0.02686475,0.038593978,-0.0068493667,-0.09227977,-0.08781979,-0.082015865,-0.051357616,0.0,-0.10065377,0.0,-0.08333068,0.61970425,0.0,-0.0750564,0.0,0.0,0.0,-0.11666893,-0.106288,0.0,-0.0011811204,-0.097439885,-0.072155505,0.0,-0.0748628,-0.0748628,-0.0748628,0.0,0.0,0.007941575,0.0,-0.051583305,-0.097246625,-0.09124791,0.0,0.0,0.1376683,0.0,0.0,0.0,0.0,0.0,0.0,0.0,-0.15767024,0.0,-0.06348804,-0.1962295,-0.23684306,0.0,0.0,0.0,-0.08089793,-0.14475125,0.0,0.0,0.0,0.0,0.0,0.0,0.0,0.0,-0.06224281,0.0,0.0,0.0,0.0,0.0,0.009047219,-0.03224991,-0.11880321,0.0,-0.052792657,-0.2079251,-0.069487184,0.0,-0.06623367,0.0,0.0,0.012569181,0.0,0.0,0.0,-0.038903136,invasive ductal breast carcinoma
CID4067,0.0,0.16673222,0.16673222,0.06926782,0.0,0.47609073,0.0307187,0.0,-0.07481684,0.0,0.0,-0.09857022,-0.029628789,0.02053562,0.0,0.0,0.00719814,-0.23520951,0.0,0.0,0.0,0.0,-0.087946184,-0.07963248,0.0,-0.027172338,0.0,-0.067306265,0.0,0.0,0.0,-0.07102591,0.0,-0.00058608246,0.0,0.0,-0.08815232,0.047848035,-0.23520951,0.0,0.0,0.0,0.0,0.0,-0.16895804,0.0,0.0,-0.12634584,0.0,0.0,0.016572393,-0.01839765,0.0,-0.19432256,-0.19432256,-0.04326139,0.0,0.026055723,-0.12443886,-0.034869798,-0.12597385,-0.13665877,-0.067117505,-0.15316404,0.0,-0.12778243,0.0,-0.10655136,-0.25766963,0.0,-0.08064734,0.0,0.0,0.0,-0.10083688,-0.12505808,0.0,-0.13835219,-0.066366956,-0.124724306,0.0,-0.23520951,-0.23520951,-0.23520951,0.0,0.0,0.025510255,0.0,0.06757078,-0.08546664,-0.08344205,0.0,0.0,0.16673222,0.0,0.0,0.0,0.0,0.0,0.0,0.0,-0.17770475,0.0,-0.14674097,-0.19506793,-0.21672402,0.0,0.0,0.0,-0.14627731,-0.1504338,0.0,0.0,0.0,0.0,0.0,0.0,0.0,0.0,-0.06972136,0.0,0.0,0.0,0.0,0.0,-0.0076072654,0.074304916,-0.042406444,0.0,-0.0680814,-0.38106415,-0.05869518,0.0,-0.046062477,0.0,0.0,0.020792892,0.0,0.0,0.0,-0.056102023,invasive ductal breast carcinoma
CID4290A,0.0,0.015198827,0.015198827,-0.19623077,0.0,0.621453,-0.061004624,0.0,0.01682011,0.0,0.0,-0.02145461,0.06588719,-0.30194557,0.0,0.0,0.021558942,0.08298588,0.0,0.0,0.0,0.0,-0.011165745,-0.042183824,0.0,0.06652671,0.0,0.18713394,0.0,0.0,0.0,0.18612987,0.0,0.16037954,0.0,0.0,-0.013635861,0.18625286,0.08298588,0.0,0.0,0.0,0.0,0.0,-0.15278876,0.0,0.0,0.052449748,0.0,0.0,-0.22757068,-0.033706952,0.0,0.0568863,0.0568863,0.013452145,0.0,0.119154714,0.14644757,0.12943317,0.09943111,-0.020972423,-0.005364392,-0.13225573,0.0,-0.040347926,0.0,0.011197265,-0.14686078,0.0,0.03447415,0.0,0.0,0.0,0.02247353,-0.020596419,0.0,-0.0120423185,-0.052084744,-0.08829394,0.0,0.08298588,0.08298588,0.08298588,0.0,0.0,0.04034793,0.0,0.22517258,-0.017694239,-0.0017336758,0.0,0.0,0.015198827,0.0,0.0,0.0,0.0,0.0,0.0,0.0,-0.019985233,0.0,-0.06661683,-0.004796381,0.02671446,0.0,0.0,0.0,-0.10865544,-0.041843984,0.0,0.0,0.0,0.0,0.0,0.0,0.0,0.0,0.0073237107,0.0,0.0,0.0,0.0,0.0,0.10425071,0.28899142,-0.013110176,0.0,0.061084483,-0.0729725,0.062249467,0.0,0.014712904,0.0,0.0,0.1672366,0.0,0.0,0.0,-0.15158582,invasive ductal breast carcinoma
CID4398,0.0,0.40396634,0.40396634,0.1515534,0.0,0.02778765,-0.118665315,0.0,-0.25239062,0.0,0.0,-0.22587857,-0.3476481,0.025346935,0.0,0.0,-0.20037736,-0.5007012,0.0,0.0,0.0,0.0,-0.26971012,-0.31533724,0.0,-0.29737088,0.0,-0.4317348,0.0,0.0,0.0,-0.2877939,0.0,-0.29550716,0.0,0.0,-0.20449428,-0.30550548,-0.5007012,0.0,0.0,0.0,0.0,0.0,-0.2708758,0.0,0.0,-0.11221665,0.0,0.0,-0.10904723,-0.25034413,0.0,-0.25551394,-0.25551394,-0.23068032,0.0,-0.23786287,-0.2861168,-0.34734726,-0.4123876,-0.32435116,-0.22786056,-0.20505469,0.0,-0.30731592,0.0,-0.2764717,-0.0555207,0.0,-0.25877914,0.0,0.0,0.0,-0.19219778,-0.23324713,0.0,-0.2504953,-0.22504061,-0.22996521,0.0,-0.5007012,-0.5007012,-0.5007012,0.0,0.0,-0.29871792,0.0,-0.34982696,-0.28994855,-0.3071235,0.0,0.0,0.40396634,0.0,0.0,0.0,0.0,0.0,0.0,0.0,-0.3983781,0.0,-0.23398018,-0.28092527,-0.48715547,0.0,0.0,0.0,-0.11264066,-0.19403973,0.0,0.0,0.0,0.0,0.0,0.0,0.0,0.0,-0.2474735,0.0,0.0,0.0,0.0,0.0,-0.20213537,-0.5816649,-0.15246405,0.0,-0.2627431,-0.43268356,-0.28821516,0.0,-0.1697165,0.0,0.0,-0.22032163,0.0,0.0,0.0,-0.009273564,invasive ductal breast carcinoma
CID4461,0.0,-0.43136778,-0.43136778,-0.094700105,0.0,0.058458854,-0.053669814,0.0,-0.24896502,0.0,0.0,-0.10530158,-0.14450735,0.07363377,0.0,0.0,-0.13464758,-0.13779771,0.0,0.0,0.0,0.0,-0.21270233,-0.1684258,0.0,-0.24386385,0.0,-0.054902766,0.0,0.0,0.0,-0.08681549,0.0,-0.31030402,0.0,0.0,-0.20491312,-0.30496153,-0.13779771,0.0,0.0,0.0,0.0,0.0,-0.2562623,0.0,0.0,-0.042023618,0.0,0.0,-0.057198048,-0.16170439,0.0,-0.3316739,-0.3316739,-0.18717329,0.0,-0.036094386,-0.014502625,-0.087600775,-0.16374524,-0.24613959,-0.16793104,-0.18062523,0.0,-0.2717778,0.0,-0.23862307,1.3560159,0.0,-0.18903145,0.0,0.0,0.0,-0.18681076,-0.20370609,0.0,-0.28311586,-0.20168005,-0.25771955,0.0,-0.13779771,-0.13779771,-0.13779771,0.0,0.0,-0.32390818,0.0,-0.76441073,-0.20642921,-0.23283355,0.0,0.0,-0.43136778,0.0,0.0,0.0,0.0,0.0,0.0,0.0,-0.24651486,0.0,-0.1228933,-0.25215054,-0.15886007,0.0,0.0,0.0,-0.20265676,-0.24000683,0.0,0.0,0.0,0.0,0.0,0.0,0.0,0.0,-0.23189935,0.0,0.0,0.0,0.0,0.0,-0.20418935,-0.52217746,-0.11944201,0.0,-0.23421936,-0.294239,-0.26827046,0.0,-0.15758482,0.0,0.0,-0.23318952,0.0,0.0,0.0,-0.20499745,invasive ductal breast carcinoma
CID4463,0.0,-0.047488,-0.047488,0.1895165,0.0,0.96747094,0.015909508,0.0,0.16836303,0.0,0.0,0.06036949,0.29119483,0.30801874,0.0,0.0,0.1686251,0.09262977,0.0,0.0,0.0,0.0,0.066456534,0.17109902,0.0,0.20223428,0.0,0.3161636,0.0,0.0,0.0,0.3445562,0.0,0.30194128,0.0,0.0,0.12285641,0.23699662,0.09262977,0.0,0.0,0.0,0.0,0.0,0.10750092,0.0,0.0,-0.03961529,0.0,0.0,0.18024895,0.15062709,0.0,0.56171983,0.56171983,0.0620091,0.0,0.4288021,0.32310322,0.3051061,0.32538995,0.08903624,0.16736211,0.04216667,0.0,0.07251822,0.0,0.17914145,0.17323206,0.0,0.16212879,0.0,0.0,0.0,0.056839388,0.042655937,0.0,0.15884994,0.11059203,0.029638994,0.0,0.09262977,0.09262977,0.09262977,0.0,0.0,0.049033266,0.0,-0.022187933,0.073384896,0.0697159,0.0,0.0,-0.047488,0.0,0.0,0.0,0.0,0.0,0.0,0.0,0.15466005,0.0,0.07352346,0.088328555,0.37815243,0.0,0.0,0.0,0.17184502,0.20659205,0.0,0.0,0.0,0.0,0.0,0.0,0.0,0.0,0.1069096,0.0,0.0,0.0,0.0,0.0,0.22583553,-0.06974011,-0.02847781,0.0,0.11130816,-0.15054281,0.10122689,0.0,0.17689627,0.0,0.0,0.22154792,0.0,0.0,0.0,0.01708907,invasive ductal breast carcinoma
CID4465,0.0,-0.3408132,-0.3408132,-0.38897663,0.0,-0.07054988,-0.11866532,0.0,-0.33576685,0.0,0.0,-0.18571217,-0.2877096,-0.41305834,0.0,0.0,-0.18584341,-0.2717747,0.0,0.0,0.0,0.0,-0.2444424,-0.2755929,0.0,-0.30505446,0.0,-0.40626782,0.0,0.0,0.0,-0.15991582,0.0,-0.3252485,0.0,0.0,-0.21052232,-0.33769172,-0.2717747,0.0,0.0,0.0,0.0,0.0,-0.26117158,0.0,0.0,-0.14124152,0.0,0.0,-0.39106995,-0.19839782,0.0,-0.2754758,-0.2754758,-0.22005609,0.0,-0.09904969,-0.11443563,-0.23706312,-0.31205314,-0.2793036,-0.23415598,-0.23106766,0.0,-0.33097818,0.0,-0.27717176,0.7774179,0.0,-0.25038952,0.0,0.0,0.0,-0.21575041,-0.23195326,0.0,-0.29684073,-0.23610021,-0.23953298,0.0,-0.2717747,-0.2717747,-0.2717747,0.0,0.0,-0.20208663,0.0,-0.95443267,-0.3406365,-0.35013688,0.0,0.0,-0.3408132,0.0,0.0,0.0,0.0,0.0,0.0,0.0,-0.33326086,0.0,-0.1558658,-0.25278872,-0.18628941,0.0,0.0,0.0,-0.31776804,-0.19898349,0.0,0.0,0.0,0.0,0.0,0.0,0.0,0.0,-0.24543482,0.0,0.0,0.0,0.0,0.0,-0.19315512,-0.57211596,-0.18790609,0.0,-0.2519883,-0.5596016,-0.28466517,0.0,-0.23357154,0.0,0.0,-0.25559214,0.0,0.0,0.0,-0.25833747,invasive ductal breast carcinoma
CID4471,0.0,0.18678384,0.18678384,0.071863934,0.0,0.49971828,-0.08231731,0.0,0.084464476,0.0,0.0,-0.016728967,0.036180805,0.014403989,0.0,0.0,0.08214816,0.19725327,0.0,0.0,0.0,0.0,0.007065601,-0.0061714305,0.0,0.03581628,0.0,0.06452443,0.0,0.0,0.0,0.14169109,0.0,0.03693425,0.0,0.0,0.010261285,0.045825936,0.19725327,0.0,0.0,0.0,0.0,0.0,0.0018879286,0.0,0.0,-0.12570672,0.0,0.0,-0.038490303,-0.030023817,0.0,0.0013674771,0.0013674771,0.066289574,0.0,0.09200507,0.17973258,0.09414204,0.09026174,0.009734644,0.016758341,-0.0331037,0.0,0.05978569,0.0,0.021679072,1.2141713,0.0,0.061468102,0.0,0.0,0.0,0.013929671,0.03937015,0.0,0.2572573,0.009680358,-0.022853917,0.0,0.19725327,0.19725327,0.19725327,0.0,0.0,0.027825138,0.0,0.17312138,0.068400875,0.06484905,0.0,0.0,0.18678384,0.0,0.0,0.0,0.0,0.0,0.0,0.0,-0.016483342,0.0,-0.08172969,-0.103834435,-0.123414285,0.0,0.0,0.0,0.03299385,-0.046649825,0.0,0.0,0.0,0.0,0.0,0.0,0.0,0.0,0.033477947,0.0,0.0,0.0,0.0,0.0,0.13150427,0.08614984,-0.037107892,0.0,0.08815226,0.33416855,0.022347739,0.0,0.024258424,0.0,0.0,0.13228095,0.0,0.0,0.0,-0.041107643,invasive lobular breast carcinoma
CID4495,0.0,0.19123055,0.19123055,0.03440088,0.0,0.17355093,-0.064974606,0.0,0.019698188,0.0,0.0,-0.0426246,-0.0041957325,-0.04401395,0.0,0.0,0.0047569545,0.066413574,0.0,0.0,0.0,0.0,-0.051025316,-0.063142166,0.0,-0.036415655,0.0,0.020687304,0.0,0.0,0.0,0.1211475,0.0,-0.015561079,0.0,0.0,-0.015772792,-0.02210079,0.066413574,0.0,0.0,0.0,0.0,0.0,-0.095931046,0.0,0.0,0.026782293,0.0,0.0,-0.09966312,-0.059406277,0.0,0.01059774,0.01059774,0.021017361,0.0,0.01862934,0.026239637,0.037597276,-0.083901875,-0.040039644,-0.02017069,-0.042916346,0.0,-0.04743151,0.0,-0.03344635,0.5925808,0.0,-0.01899791,0.0,0.0,0.0,-0.026007442,-0.017899126,0.0,-0.080711454,-0.048240554,-0.06168493,0.0,0.066413574,0.066413574,0.066413574,0.0,0.0,-0.07062394,0.0,0.16206625,-0.0042536967,-0.014492414,0.0,0.0,0.19123055,0.0,0.0,0.0,0.0,0.0,0.0,0.0,-0.16167401,0.0,0.02984808,-0.11877389,-0.2195401,0.0,0.0,0.0,0.077394985,-0.01056695,0.0,0.0,0.0,0.0,0.0,0.0,0.0,0.0,-0.008900108,0.0,0.0,0.0,0.0,0.0,0.036015343,0.06676067,-0.075034395,0.0,-0.10038415,0.13461556,-0.009089903,0.0,-0.00050753314,0.0,0.0,-0.009086065,0.0,0.0,0.0,0.036168344,invasive ductal breast carcinoma
CID4513,0.0,0.5193293,0.5193293,0.32778254,0.0,0.5568013,0.0045663663,0.0,0.12941551,0.0,0.0,-0.013235673,0.1705397,0.23200913,0.0,0.0,0.14728409,0.13431677,0.0,0.0,0.0,0.0,0.04712832,0.06286618,0.0,0.13458775,0.0,0.3488885,0.0,0.0,0.0,0.2630008,0.0,0.2235367,0.0,0.0,0.044080917,0.28755298,0.13431677,0.0,0.0,0.0,0.0,0.0,0.027891511,0.0,0.0,-0.04142643,0.0,0.0,0.17308187,0.058834106,0.0,-0.03252845,-0.03252845,0.21867897,0.0,0.22511525,0.112148896,0.2901185,0.007717138,0.048245613,0.0625949,0.17179623,0.0,0.111188985,0.0,0.058342233,0.9952875,0.0,0.073203094,0.0,0.0,0.0,0.06913881,0.07507515,0.0,0.100788705,0.0046068127,-0.012920543,0.0,0.13431677,0.13431677,0.13431677,0.0,0.0,0.15369745,0.0,0.20844732,0.14618592,0.15608881,0.0,0.0,0.5193293,0.0,0.0,0.0,0.0,0.0,0.0,0.0,-0.032020736,0.0,0.09228543,-0.007830019,-0.061645713,0.0,0.0,0.0,0.15823781,0.034594446,0.0,0.0,0.0,0.0,0.0,0.0,0.0,0.0,0.07885804,0.0,0.0,0.0,0.0,0.0,0.13636118,0.1655494,0.04590943,0.0,0.09794284,0.33526385,0.11299241,0.0,0.08869071,0.0,0.0,0.12774505,0.0,0.0,0.0,0.0059083025,breast carcinoma
CID4515,0.0,0.6271341,0.6271341,0.28155565,0.0,0.5819742,0.06848281,0.0,0.13523541,0.0,0.0,0.4577727,0.35651666,0.10876644,0.0,0.0,0.16895428,0.38101444,0.0,0.0,0.0,0.0,0.3072113,0.18797962,0.0,0.2177894,0.0,0.31777665,0.0,0.0,0.0,0.2826222,0.0,0.031323303,0.0,0.0,0.23616026,0.012644762,0.38101444,0.0,0.0,0.0,0.0,0.0,-0.016187944,0.0,0.0,-0.031420894,0.0,0.0,0.095507495,0.21497929,0.0,0.10603743,0.10603743,0.23451033,0.0,0.40496898,0.18947451,0.2417454,0.28855172,0.18314674,0.21536034,0.75693995,0.0,0.18313506,0.0,0.20160982,1.2068168,0.0,0.22876386,0.0,0.0,0.0,0.24753036,0.14609899,0.0,-0.025401313,0.21168783,0.32187644,0.0,0.38101444,0.38101444,0.38101444,0.0,0.0,-0.019631583,0.0,0.30144006,0.10829166,0.068148665,0.0,0.0,0.6271341,0.0,0.0,0.0,0.0,0.0,0.0,0.0,0.10736045,0.0,0.19738385,0.27631512,0.18451709,0.0,0.0,0.0,-0.027491933,0.11775931,0.0,0.0,0.0,0.0,0.0,0.0,0.0,0.0,0.21121739,0.0,0.0,0.0,0.0,0.0,0.033739604,0.27868333,0.15868124,0.0,0.2302058,0.09324293,0.13899167,0.0,0.24386019,0.0,0.0,0.30220795,0.0,0.0,0.0,0.43077138,invasive ductal breast carcinoma
CID4523,0.0,0.66066265,0.66066265,0.5052336,0.0,0.8669782,0.064184524,0.0,0.171474,0.0,0.0,0.3092231,0.4313129,0.42751908,0.0,0.0,0.17827982,0.56336606,0.0,0.0,0.0,0.0,0.2173447,0.17961067,0.0,0.18324916,0.0,0.37027138,0.0,0.0,0.0,0.3303969,0.0,0.24236512,0.0,0.0,0.13189304,0.23541743,0.56336606,0.0,0.0,0.0,0.0,0.0,-0.09912757,0.0,0.0,-0.020687295,0.0,0.0,0.25676915,0.18400213,0.0,0.27015588,0.27015588,0.20020239,0.0,0.4696065,0.29222882,0.36552757,0.31676957,0.19528945,0.16851395,0.43698487,0.0,0.15424713,0.0,0.06189496,0.62831706,0.0,0.04844313,0.0,0.0,0.0,0.15789048,0.2190397,0.0,0.09237996,0.118174165,0.120318,0.0,0.56336606,0.56336606,0.56336606,0.0,0.0,0.14186357,0.0,0.4091049,0.16702391,0.09898099,0.0,0.0,0.66066265,0.0,0.0,0.0,0.0,0.0,0.0,0.0,0.0031271242,0.0,0.1797615,0.18027155,0.5421516,0.0,0.0,0.0,0.025830748,0.020358743,0.0,0.0,0.0,0.0,0.0,0.0,0.0,0.0,0.17066447,0.0,0.0,0.0,0.0,0.0,-0.09547251,0.3674865,0.18785508,0.0,-0.021941507,-0.0032121772,0.045181315,0.0,0.050724506,0.0,0.0,0.12267337,0.0,0.0,0.0,0.15384059,breast carcinoma
CID4530N,0.0,0.4448883,0.4448883,0.30651906,0.0,0.6690818,0.39072865,0.0,0.20705293,0.0,0.0,0.2726833,0.32578856,0.23733446,0.0,0.0,0.1843491,0.48618054,0.0,0.0,0.0,0.0,0.1555777,0.14422646,0.0,0.22744533,0.0,0.16669093,0.0,0.0,0.0,0.2479042,0.0,0.14575772,0.0,0.0,0.09939449,0.13512023,0.48618054,0.0,0.0,0.0,0.0,0.0,-0.10754544,0.0,0.0,0.5195194,0.0,0.0,0.16941027,0.40051803,0.0,0.18830767,0.18830767,0.28674147,0.0,0.5056033,0.13524391,0.19976749,0.45710218,0.18865028,0.167207,0.15175256,0.0,0.21167636,0.0,0.096873224,1.3047425,0.0,0.13627079,0.0,0.0,0.0,0.16781566,0.17628276,0.0,0.28897727,0.12606908,0.1362781,0.0,0.48618054,0.48618054,0.48618054,0.0,0.0,-0.05088128,0.0,0.41298857,0.23820047,0.19520776,0.0,0.0,0.4448883,0.0,0.0,0.0,0.0,0.0,0.0,0.0,0.26763266,0.0,0.055662345,0.21619095,0.38848466,0.0,0.0,0.0,0.10019817,0.25034356,0.0,0.0,0.0,0.0,0.0,0.0,0.0,0.0,0.15102312,0.0,0.0,0.0,0.0,0.0,0.011078277,0.37366447,0.13098654,0.0,0.3750973,0.22265765,0.14210987,0.0,0.15782431,0.0,0.0,0.34567168,0.0,0.0,0.0,-0.002927371,invasive ductal breast carcinoma
CID4535,0.0,0.41759908,0.41759908,0.33452222,0.0,1.1649638,-0.034071453,0.0,0.24933916,0.0,0.0,0.47785246,0.52316076,0.29298377,0.0,0.0,0.25350842,0.63328326,0.0,0.0,0.0,0.0,0.25451905,0.3730305,0.0,0.4344374,0.0,0.48906124,0.0,0.0,0.0,0.40287066,0.0,0.42729053,0.0,0.0,0.1705734,0.45368436,0.63328326,0.0,0.0,0.0,0.0,0.0,-0.01675123,0.0,0.0,0.21103473,0.0,0.0,0.15325838,0.31525236,0.0,0.32171515,0.32171515,0.30295599,0.0,0.56141204,0.37648797,0.42528853,0.4536958,0.2160209,0.31949863,0.15068561,0.0,0.2739645,0.0,0.1743667,1.9785528,0.0,0.25037938,0.0,0.0,0.0,0.18191504,0.23573723,0.0,0.22313647,0.20386213,0.25168195,0.0,0.63328326,0.63328326,0.63328326,0.0,0.0,0.15352449,0.0,0.40131685,0.23772644,0.20354502,0.0,0.0,0.41759908,0.0,0.0,0.0,0.0,0.0,0.0,0.0,0.31857637,0.0,0.056889825,0.18844947,0.34730273,0.0,0.0,0.0,0.08135229,0.2676796,0.0,0.0,0.0,0.0,0.0,0.0,0.0,0.0,0.23573336,0.0,0.0,0.0,0.0,0.0,0.04841297,0.45703867,0.07939142,0.0,0.27153265,0.26460585,0.17037249,0.0,0.23997279,0.0,0.0,0.3813728,0.0,0.0,0.0,0.006489783,invasive lobular breast carcinoma
CID44041,0.0,0.15237577,0.15237577,0.13788638,0.0,0.22804283,-0.09577423,0.0,-0.094893046,0.0,0.0,-0.0627607,-0.15215749,0.13064167,0.0,0.0,-0.02271233,-0.16665335,0.0,0.0,0.0,0.0,-0.11940089,-0.12223952,0.0,-0.13657863,0.0,-0.22221448,0.0,0.0,0.0,-0.15486854,0.0,-0.17914188,0.0,0.0,-0.1311432,-0.16125129,-0.16665335,0.0,0.0,0.0,0.0,0.0,-0.20331897,0.0,0.0,-0.10986711,0.0,0.0,-0.0413025,-0.091613844,0.0,-0.2507043,-0.2507043,-0.10189554,0.0,-0.064599365,-0.1858442,-0.2290799,-0.14898606,-0.20059793,-0.115825064,-0.07755525,0.0,-0.10364537,0.0,-0.14553662,0.83788157,0.0,-0.13073786,0.0,0.0,0.0,-0.08142926,-0.1292952,0.0,-0.10632924,-0.15134588,-0.11012786,0.0,-0.16665335,-0.16665335,-0.16665335,0.0,0.0,-0.125058,0.0,0.024045583,-0.086083665,-0.11706959,0.0,0.0,0.15237577,0.0,0.0,0.0,0.0,0.0,0.0,0.0,-0.17919032,0.0,-0.105524346,-0.17722493,-0.23797454,0.0,0.0,0.0,-0.14143865,-0.019605048,0.0,0.0,0.0,0.0,0.0,0.0,0.0,0.0,-0.104135804,0.0,0.0,0.0,0.0,0.0,-0.06264382,-0.17838946,-0.088358246,0.0,-0.05234159,-0.1951717,-0.16171029,0.0,-0.03182361,0.0,0.0,-0.020735092,0.0,0.0,0.0,-0.032948088,invasive ductal breast carcinoma
CID44971,0.0,0.020701151,0.020701151,0.049154624,0.0,0.37674797,-0.0667393,0.0,0.081701905,0.0,0.0,0.020011002,0.051891893,0.06338137,0.0,0.0,0.051523235,0.113822706,0.0,0.0,0.0,0.0,0.018377375,-0.04099872,0.0,-0.010574363,0.0,0.1071658,0.0,0.0,0.0,0.06784318,0.0,0.06582587,0.0,0.0,0.016555335,0.046970367,0.113822706,0.0,0.0,0.0,0.0,0.0,0.010818285,0.0,0.0,0.030959038,0.0,0.0,-0.022719774,-0.04673634,0.0,0.14124787,0.14124787,0.021205923,0.0,0.06581078,0.030888565,0.06378121,0.060032345,-0.022098353,0.06723628,-0.015993169,0.0,-0.019153483,0.0,0.054871697,-0.012278484,0.0,0.05522378,0.0,0.0,0.0,0.008008306,-0.016712401,0.0,0.057983764,0.008409819,0.0003988814,0.0,0.113822706,0.113822706,0.113822706,0.0,0.0,0.05641586,0.0,0.050196376,0.037346516,0.022075227,0.0,0.0,0.020701151,0.0,0.0,0.0,0.0,0.0,0.0,0.0,-0.06630937,0.0,0.017347874,-0.031452153,-0.11565102,0.0,0.0,0.0,0.17691927,0.035142533,0.0,0.0,0.0,0.0,0.0,0.0,0.0,0.0,0.06426765,0.0,0.0,0.0,0.0,0.0,0.07557679,0.069401875,-0.045072094,0.0,0.0036111225,0.07672664,0.014922737,0.0,0.06286006,0.0,0.0,0.083861135,0.0,0.0,0.0,0.030129712,invasive ductal breast carcinoma
CID44991,0.0,0.3615478,0.3615478,0.19785446,0.0,0.42880097,0.057107326,0.0,0.11448212,0.0,0.0,0.22827503,0.21245961,0.11600779,0.0,0.0,0.04095667,0.36045298,0.0,0.0,0.0,0.0,0.0738841,0.2993763,0.0,0.04826215,0.0,0.00040427703,0.0,0.0,0.0,0.26470682,0.0,0.1413666,0.0,0.0,0.092986174,0.12549931,0.36045298,0.0,0.0,0.0,0.0,0.0,0.10825791,0.0,0.0,-0.07117888,0.0,0.0,0.04858839,0.016811008,0.0,0.20483582,0.20483582,0.08678225,0.0,0.22062624,0.19767131,0.14313689,0.22101203,0.06011214,0.057553966,-0.04627211,0.0,0.042822015,0.0,0.09691226,0.19935362,0.0,0.10498772,0.0,0.0,0.0,0.062129293,0.052847456,0.0,0.08455154,0.018921824,0.048085812,0.0,0.36045298,0.36045298,0.36045298,0.0,0.0,0.110893905,0.0,-0.061756823,0.07628673,0.078800656,0.0,0.0,0.3615478,0.0,0.0,0.0,0.0,0.0,0.0,0.0,-0.16728504,0.0,0.096094996,0.006186447,-0.031817105,0.0,0.0,0.0,0.21112001,0.04570266,0.0,0.0,0.0,0.0,0.0,0.0,0.0,0.0,0.08151153,0.0,0.0,0.0,0.0,0.0,0.23439081,0.04750333,0.065314,0.0,0.021930473,0.1949557,0.06633782,0.0,0.07307386,0.0,0.0,0.012514101,0.0,0.0,0.0,-0.043232746,invasive ductal breast carcinoma
CID45171,0.0,0.26066002,0.26066002,0.2380521,0.0,0.30913746,0.40902907,0.0,-0.025186647,0.0,0.0,0.1400933,0.07097847,0.22674814,0.0,0.0,0.0012789076,0.1860734,0.0,0.0,0.0,0.0,0.036798675,-0.049181532,0.0,0.031312738,0.0,-0.016394557,0.0,0.0,0.0,0.09105418,0.0,0.025385777,0.0,0.0,-0.024989845,-0.006782481,0.1860734,0.0,0.0,0.0,0.0,0.0,-0.015155908,0.0,0.0,0.027644482,0.0,0.0,0.11544883,0.052610625,0.0,0.15405881,0.15405881,0.011445862,0.0,0.17163005,0.07156205,0.04954547,-0.025129128,-0.02428194,0.016112946,-0.11742545,0.0,-0.040474907,0.0,-0.041481536,-0.28733888,0.0,-0.0050278623,0.0,0.0,0.0,0.0040568155,0.03575864,0.0,-0.08333944,-0.031166615,-0.045109887,0.0,0.1860734,0.1860734,0.1860734,0.0,0.0,-0.1106731,0.0,1.5478614e-05,0.017551437,-0.017526466,0.0,0.0,0.26066002,0.0,0.0,0.0,0.0,0.0,0.0,0.0,-0.0072892746,0.0,-0.025558112,-0.08334346,-0.0041253963,0.0,0.0,0.0,-0.06510799,0.11555897,0.0,0.0,0.0,0.0,0.0,0.0,0.0,0.0,0.024894398,0.0,0.0,0.0,0.0,0.0,-0.07098865,-0.003201633,0.023364294,0.0,-0.015688512,-0.20512667,-0.04071362,0.0,0.02137189,0.0,0.0,0.084376186,0.0,0.0,0.0,-0.14008957,invasive ductal breast carcinoma
HTAPP-225,0.0,-0.8368194,-0.8368194,-0.9727333,0.0,-0.2466474,0.19781563,0.0,-0.25650203,0.0,0.0,-0.062111963,-0.38786003,-1.0406902,0.0,0.0,-0.07718461,-0.5563802,0.0,0.0,0.0,0.0,-0.12668532,-0.038260568,0.0,-0.1966938,0.0,-0.52496344,0.0,0.0,0.0,-0.254202,0.0,-0.34243548,0.0,0.0,0.12310961,-0.45121342,-0.5563802,0.0,0.0,0.0,0.0,0.0,0.095489845,0.0,0.0,-0.03564382,0.0,0.0,-0.5002865,0.06793374,0.0,0.09267611,0.09267611,-0.16809137,0.0,0.015786363,-0.47691938,-0.4781459,-0.11235016,0.024215385,-0.15498959,0.44153818,0.0,-0.080757,0.0,-0.14506157,-0.331386,0.0,-0.06443148,0.0,0.0,0.0,-0.058941822,-0.12284448,0.0,-0.32220304,-0.039044376,-0.12395805,0.0,-0.5563802,-0.5563802,-0.5563802,0.0,0.0,-0.15324786,0.0,-1.1124506,-0.044393945,-0.06864758,0.0,0.0,-0.8368194,0.0,0.0,0.0,0.0,0.0,0.0,0.0,0.19760783,0.0,0.020247962,0.45738372,0.46336925,0.0,0.0,0.0,-0.3809368,-0.08423068,0.0,0.0,0.0,0.0,0.0,0.0,0.0,0.0,-0.19614202,0.0,0.0,0.0,0.0,0.0,0.0760569,-0.54233307,-0.005408137,0.0,0.0047409567,-0.5389672,0.003033458,0.0,-0.027841223,0.0,0.0,-0.018310655,0.0,0.0,0.0,0.16153322,breast cancer
HTAPP-425,0.0,0.34419936,0.34419936,0.37384412,0.0,0.41722015,0.11025488,0.0,0.15832652,0.0,0.0,0.2840651,0.34071666,0.3886665,0.0,0.0,0.12189854,0.6024772,0.0,0.0,0.0,0.0,0.10923037,0.21116734,0.0,0.1067013,0.0,0.36433917,0.0,0.0,0.0,0.2584604,0.0,0.19502419,0.0,0.0,0.17093372,0.16928017,0.6024772,0.0,0.0,0.0,0.0,0.0,-0.06959005,0.0,0.0,0.11095177,0.0,0.0,0.18407142,0.20610961,0.0,0.2980003,0.2980003,0.17314492,0.0,0.5197531,0.2248313,0.32412204,0.3527512,0.1250814,0.16798042,0.35633054,0.0,0.13481818,0.0,0.028291581,0.09000386,0.0,0.07713445,0.0,0.0,0.0,0.15281966,0.18763,0.0,0.20542622,0.110508695,0.0029502593,0.0,0.6024772,0.6024772,0.6024772,0.0,0.0,0.14525208,0.0,0.2647334,0.26802623,0.16663216,0.0,0.0,0.34419936,0.0,0.0,0.0,0.0,0.0,0.0,0.0,0.04531609,0.0,0.08076307,0.21881562,0.4367935,0.0,0.0,0.0,0.110958375,0.12643467,0.0,0.0,0.0,0.0,0.0,0.0,0.0,0.0,0.17158061,0.0,0.0,0.0,0.0,0.0,-0.12348299,0.25885928,0.14064652,0.0,0.081135266,-0.09197572,0.011844075,0.0,0.111127764,0.0,0.0,0.04410098,0.0,0.0,0.0,-0.020023027,breast cancer
HTAPP-783,0.0,0.34019542,0.34019542,0.47545293,0.0,0.93976724,-0.06801921,0.0,0.093364336,0.0,0.0,0.17557476,0.40140718,0.54308176,0.0,0.0,0.024002632,0.63166034,0.0,0.0,0.0,0.0,0.13831802,0.20438024,0.0,0.2635707,0.0,0.36938918,0.0,0.0,0.0,0.38805145,0.0,0.22951046,0.0,0.0,0.06901731,0.31045312,0.63166034,0.0,0.0,0.0,0.0,0.0,-0.08272948,0.0,0.0,0.56394196,0.0,0.0,0.2772436,0.19727547,0.0,-0.09426005,-0.09426005,0.1772867,0.0,0.4347835,0.4758642,0.33464265,0.4011031,0.039272305,0.10249527,0.12194806,0.0,0.12041132,0.0,-0.029291313,1.7206411,0.0,0.0729801,0.0,0.0,0.0,-0.026002705,0.042018604,0.0,0.5464994,0.019469328,-0.0026204616,0.0,0.63166034,0.63166034,0.63166034,0.0,0.0,-0.0996314,0.0,0.18585755,0.26598153,0.21268097,0.0,0.0,0.34019542,0.0,0.0,0.0,0.0,0.0,0.0,0.0,0.09355361,0.0,0.07835268,0.18778865,0.5206742,0.0,0.0,0.0,0.04959063,0.14306001,0.0,0.0,0.0,0.0,0.0,0.0,0.0,0.0,0.09719705,0.0,0.0,0.0,0.0,0.0,-0.05494957,0.3427757,0.26074016,0.0,0.24441649,0.20250244,0.008669212,0.0,0.066087864,0.0,0.0,0.3542498,0.0,0.0,0.0,-0.14704913,breast cancer
HTAPP-806,0.0,-0.83284587,-0.83284587,-0.9836098,0.0,-0.18227756,0.097586386,0.0,-0.17971747,0.0,0.0,0.051559765,-0.33497605,-1.0589917,0.0,0.0,-0.01305593,-0.5691072,0.0,0.0,0.0,0.0,-0.031970803,0.21725985,0.0,-0.1174307,0.0,-0.46309277,0.0,0.0,0.0,-0.21498281,0.0,-0.37054196,0.0,0.0,0.32616454,-0.4408516,-0.5691072,0.0,0.0,0.0,0.0,0.0,0.5361624,0.0,0.0,-0.05681561,0.0,0.0,-0.3259785,0.27091834,0.0,-0.089303344,-0.089303344,-0.11023201,0.0,0.22317332,-0.46247527,-0.4535098,-0.03445036,0.24067964,-0.032549676,0.0032445537,0.0,0.077234976,0.0,-0.028067926,-0.2841309,0.0,0.14058101,0.0,0.0,0.0,0.029107638,0.027166417,0.0,-0.2874112,0.1111025,0.17818533,0.0,-0.5691072,-0.5691072,-0.5691072,0.0,0.0,-0.15577649,0.0,-1.0464313,0.21996209,0.19645835,0.0,0.0,-0.83284587,0.0,0.0,0.0,0.0,0.0,0.0,0.0,0.5533697,0.0,0.2886129,0.86884266,1.3154883,0.0,0.0,0.0,-0.27013537,0.015056387,0.0,0.0,0.0,0.0,0.0,0.0,0.0,0.0,-0.110179245,0.0,0.0,0.0,0.0,0.0,0.17632228,-0.52855694,0.15562725,0.0,0.21692206,-0.51728505,0.09930582,0.0,0.07617725,0.0,0.0,0.04287148,0.0,0.0,0.0,0.15482205,breast cancer
HTAPP-862,0.0,-0.78142506,-0.78142506,-0.9543111,0.0,-0.086151496,0.32876274,0.0,-0.08071302,0.0,0.0,0.19827117,-0.24496473,-1.0407541,0.0,0.0,0.059752338,-0.50794727,0.0,0.0,0.0,0.0,0.09436149,0.39625186,0.0,0.02408959,0.0,-0.41470256,0.0,0.0,0.0,-0.073333845,0.0,-0.30782047,0.0,0.0,0.5224382,-0.39510724,-0.50794727,0.0,0.0,0.0,0.0,0.0,0.5287881,0.0,0.0,-0.061341308,0.0,0.0,-0.19307189,0.4392434,0.0,0.041326534,0.041326534,-0.05929583,0.0,0.5327281,-0.36302158,-0.35878256,0.23622283,0.3868612,0.092927165,0.16095781,0.0,0.12680216,0.0,0.07627628,-0.32702345,0.0,0.2802935,0.0,0.0,0.0,0.18050319,0.13564135,0.0,-0.19797483,0.2388853,0.30073956,0.0,-0.50794727,-0.50794727,-0.50794727,0.0,0.0,-0.077008985,0.0,-0.89645344,0.27438623,0.25371245,0.0,0.0,-0.78142506,0.0,0.0,0.0,0.0,0.0,0.0,0.0,0.63021046,0.0,0.37737912,1.4014498,1.4750407,0.0,0.0,0.0,-0.23918003,0.022049567,0.0,0.0,0.0,0.0,0.0,0.0,0.0,0.0,-0.014338939,0.0,0.0,0.0,0.0,0.0,0.30939293,-0.40325168,0.25470188,0.0,0.29851234,-0.48467365,0.21115807,0.0,0.24922125,0.0,0.0,0.2653407,0.0,0.0,0.0,0.10687369,breast cancer
