subject_id,copy_number,fusion_fission,MHI,cohort
MS13451QE_Bruno_Lyden_BXPC3pacreatic_A,5.164804750509924e-05,0.0,0.06996855056433184,EV_proteomics
MS13451QE_Bruno_Lyden_BXPC3pacreatic_B,0.00010386539653331603,0.0,0.1407083442700945,EV_proteomics
MS13451QE_Bruno_Lyden_BXPC3pacreatic_C,7.45538640916269e-05,0.0,0.1009994774525852,EV_proteomics
MS13451QE_Bruno_Lyden_BXPC3pacreatic_C_repeat,9.547390557936628e-05,0.0,0.12934023864976882,EV_proteomics
MS13451QE_Bruno_Lyden_HPAF2pacreatic_A,0.00042466762421064096,0.0,0.5753049645232626,EV_proteomics
MS13451QE_Bruno_Lyden_HPAF2pacreatic_B,0.00043189351096982025,0.0,0.5833319776428992,EV_proteomics
MS13451QE_Bruno_Lyden_HPAF2pacreatic_C,0.00044089792533456157,0.0,0.5833319776428992,EV_proteomics
MS13451QE_Bruno_Lyden_S137025lymph_B,0.0,6.785512960908867e-05,0.21391440570439516,EV_proteomics
MS13451QE_Bruno_Lyden_S137025lymph_C,0.0,0.0001273954938891629,0.40161637774055664,EV_proteomics
MS13451QE_Bruno_Lyden_SNU16gastric_A,0.0,2.6145598960413786e-05,0.08242442827274828,EV_proteomics
MS13451QE_Bruno_Lyden_SNU16gastric_B,0.0,0.00010593643725170427,0.3339663507783494,EV_proteomics
MS13451QE_Bruno_Lyden_SNU16gastric_C,0.0,1.7813475058709923e-05,0.05615727142025241,EV_proteomics
MS13451QE_Bruno_Lyden_SNU1gastric_A,0.000646891576995427,0.0,0.5833319776428992,EV_proteomics
MS13451QE_Bruno_Lyden_SNU1gastric_B,0.0006181752840836401,0.0,0.5833319776428992,EV_proteomics
MS13451QE_Bruno_Lyden_SNU1gastric_C,0.0005903552884387,0.0,0.5833319776428992,EV_proteomics
MS13511QE_Bruno_Lyden_143B_A,0.0,1.250952297664935e-05,0.039436475747840836,EV_proteomics
MS13512QE_Bruno_Lyden_IMR5_A,0.0,2.9613615918225994e-05,0.09335740844354729,EV_proteomics
MS13512QE_Bruno_Lyden_IMR5_B,0.0,2.3884292509056334e-05,0.07529562270647237,EV_proteomics
MS13512QE_Bruno_Lyden_IMR5_C,0.0,1.8349553298883466e-05,0.057847266838703754,EV_proteomics
MS13512QE_Bruno_Lyden_SKNBe2_A,0.0,1.1635188256908724e-05,0.03668012124616167,EV_proteomics
MS13512QE_Bruno_Lyden_SKNBe2_B,0.0,1.1911236148924081e-05,0.037550366739856914,EV_proteomics
MS13512QE_Bruno_Lyden_SKNBe2_C,0.0,7.0962787709603465e-06,0.022371134868473884,EV_proteomics
MS13546QE_Bruno_Lyden_1118_A,5.320912460261226e-05,0.0,0.07208337013851565,EV_proteomics
MS13546QE_Bruno_Lyden_H1975_A,0.0,1.7578561734564174e-06,0.005541670332442564,EV_proteomics
MS13546QE_Bruno_Lyden_H292_A,0.0,9.82172187559126e-07,0.003096313882406243,EV_proteomics
MS13546QE_Bruno_Lyden_Pc9_A,0.0,7.736101686554288e-06,0.024388187072689246,EV_proteomics
MS13618QE_Bruno_Lyden_9609,0.0,2.4247757501956584e-05,0.07644145204020922,EV_proteomics
MS13638QE_Bruno_Lyden_SKBr-3,0.0,1.3303631054312832e-05,0.04193991444845295,EV_proteomics
MS13666QE_Bruno_Lyden_4173,0.0,3.055887785406182e-05,0.0963373621538151,EV_proteomics
MS13666QE_Bruno_Lyden_4180,0.0,1.3296247895388786e-05,0.041916638919210616,EV_proteomics
MS141005QE_Bruno_Lyden_MPNST,0.0,4.219806094173215e-05,0.1330300771692788,EV_proteomics
MS141005QE_Bruno_Lyden_MPNST_repeat,0.0,3.3538532046936716e-05,0.10573077072211985,EV_proteomics
MS141031QE_Bruno_Lyden_H2228,2.3622377780278336e-06,9.230300236476058e-06,0.03229883897417279,EV_proteomics
MS141031QE_Bruno_Lyden_H358,0.0,1.7272352226598698e-06,0.005445137284322506,EV_proteomics
MS141032QE_Bruno_Lyden_UVEALmelanoma,2.52035278497892e-05,3.7354943982692026e-06,0.045919885358092716,EV_proteomics
MS141056QE_Hector_Lyden_10,4.938535029803315e-06,0.0,0.006690323344989987,EV_proteomics
MS141056QE_Hector_Lyden_2,1.6883967562686656e-05,0.0,0.022873018346332354,EV_proteomics
MS141056QE_Hector_Lyden_5,1.4477191401753896e-05,1.1633514630421982e-05,0.056287359960439404,EV_proteomics
MS141070QE_Bruno_Lyden_M2,0.0,1.6896247881115836e-05,0.053265697743784514,EV_proteomics
MS141070QE_Bruno_Lyden_M9,0.0,4.539209410829833e-05,0.14309931895781142,EV_proteomics
MS141075QE_Bruno_Lyden_SAOS-LM7,0.0,3.2901986282854875e-05,0.1037240497916365,EV_proteomics
MS141162QE_Bruno_Lyden_DU145,0.0,2.6720212303641513e-05,0.0842359062337293,EV_proteomics
MS141162QE_Bruno_Lyden_PC3,0.0,2.953213277549053e-05,0.09310053150360775,EV_proteomics
MS141285QE_Hector_Lyden_VCAP_repeat,0.0,2.0992146533803264e-05,0.06617808522521242,EV_proteomics
MS14699QE_Bruno_Lyden_SAOS,4.210424253845272e-06,6.921027271790733e-06,0.02752259006803142,EV_proteomics
MS14699QE_Bruno_Lyden_SNPNDW,0.0,8.335305545656819e-06,0.026277187037085887,EV_proteomics
MS14699QE_Bruno_Lyden_U2OS,0.0,6.353526689958431e-06,0.02002959678714442,EV_proteomics
MS14722QE_Bruno_Lyden_SW620,0.00010966239155253243,2.214058760355685e-05,0.21836020347460638,EV_proteomics
MS14759QE_Bruno_Lyden_5B2_brain,0.0,6.896035499337788e-06,0.021739864680173984,EV_proteomics
MS14761QE_Hector_Lyden_HMeso,0.0,6.69733179898982e-06,0.021113448015493315,EV_proteomics
MS14761QE_Hector_Lyden_LP9,0.0,1.8637405468747497e-05,0.058754725511348256,EV_proteomics
MS14761QE_Hector_Lyden_h2373,0.0,8.188230816800789e-06,0.02581353154930448,EV_proteomics
MS14787QE_Hector_Lyden_HGC27,3.483585616206624e-05,1.8691994689160426e-05,0.10611958769132465,EV_proteomics
MS14787QE_Hector_Lyden_LNCap,5.455294125373266e-05,0.0,0.07390386302924548,EV_proteomics
MS14787QE_Hector_Lyden_WCMC-191,9.657855310969132e-05,8.715248190838132e-05,0.4055863491677546,EV_proteomics
MS14866QE_Hector_Lyden_MEL176,0.0,1.7836724207497814e-05,0.056230564741991625,EV_proteomics
MS14866QE_Hector_Lyden_MEL191,0.0,2.2251483590232164e-05,0.07014816588911299,EV_proteomics
MS14866QE_Hector_Lyden_MEL211,0.0,6.3053842945621425e-06,0.019877827098401482,EV_proteomics
MS14901QE_Bruno_Lyden_Kasumi-1,0.0,6.349263498013075e-05,0.20016157004822166,EV_proteomics
MS14901QE_Bruno_Lyden_OCI-AML3,0.0,0.00011669534235323431,0.3678839750476208,EV_proteomics
MS151440QE_Bruno_Lyden_CCG9911_Wilms_tumor,2.911724780749182e-05,6.0810922583714146e-05,0.2311530937506615,EV_proteomics
MS151510QE_Bruno_Lyden_Rhabdomysarcoma_CT10,1.3293284955575013e-05,5.0299351586237724e-05,0.17657818362903857,EV_proteomics
MS151510QE_Bruno_Lyden_Rhabdomysarcoma_RD,1.4494970384658363e-05,3.618079302986478e-05,0.13369714203986657,EV_proteomics
MS151510QE_Bruno_Lyden_Wilms_tumor_CLS1,0.00012539458134018985,4.2245761788762455e-05,0.3030547778849454,EV_proteomics
MS151558QE_Bruno_Lyden_BC1,8.766489571920664e-06,4.526303019919337e-06,0.026145367364910917,EV_proteomics
MS151558QE_Bruno_Lyden_BC2,6.271756423801428e-05,3.297151070793332e-06,0.09535894914722508,EV_proteomics
MS151618QE_Bruno_Lyden_MEL1A,0.0,9.601602036437094e-05,0.3026920743158443,EV_proteomics
MS151618QE_Bruno_Lyden_MEL1B,0.0,0.00017981619847498857,0.4166635134558696,EV_proteomics
MS151618QE_Bruno_Lyden_MEL2,0.0,9.180781038178488e-05,0.28942562353032214,EV_proteomics
MS151618QE_Bruno_Lyden_MEL3,0.0,0.0001323376473943631,0.4166635134558696,EV_proteomics
MS151641QE_Bruno_Lyden_MDA-231-BR_YONEDA,0.0,7.934036931992688e-05,0.2501218117070122,EV_proteomics
MS151670QE_Bruno_Lyden_HEK_WT,0.0,0.00010755210764288141,0.339059778107041,EV_proteomics
MS151670QE_Bruno_Lyden_MDA_WT,0.0,0.00018811931269575082,0.4166635134558696,EV_proteomics
MS151726QE_Bruno_Lyden_Kelly,2.36852822015433e-06,0.0,0.003208688315246636,EV_proteomics
MS151726QE_Bruno_Lyden_bone_met_4,3.345891213842229e-06,4.090398844965076e-05,0.13348323223890166,EV_proteomics
MS151726QE_Bruno_Lyden_bone_met_5,0.0,8.147300065737933e-05,0.25684496687252245,EV_proteomics
MS151767QE_Bruno_Lyden_4175_lung_tropic_1,0.0,3.161342488885148e-05,0.09966183892563674,EV_proteomics
MS151767QE_Bruno_Lyden_4175_lung_tropic_2,0.0,7.49517612579772e-05,0.23628665302630814,EV_proteomics
MS151767QE_Bruno_Lyden_4175_lung_tropic_3,0.0,5.353323317418156e-05,0.16876439299227297,EV_proteomics
MS151767QE_Bruno_Lyden_HCT116_liver_tropic_1,7.353087457679545e-06,2.4181880119285883e-05,0.08619513400669535,EV_proteomics
MS151767QE_Bruno_Lyden_HCT116_liver_tropic_2,0.0,2.3808480407560283e-05,0.07505662381677669,EV_proteomics
MS151767QE_Bruno_Lyden_HCT116_liver_tropic_3,0.0,2.1353652476281138e-05,0.06731773862045703,EV_proteomics
MS151767QE_Bruno_Lyden_MDA_parental_1,0.0,4.156003923772283e-05,0.13101870331403856,EV_proteomics
MS151767QE_Bruno_Lyden_MDA_parental_2,0.0,9.164911910843735e-05,0.2889253466960699,EV_proteomics
MS151767QE_Bruno_Lyden_MDA_parental_3,0.0,7.428004590732604e-05,0.23416905939904875,EV_proteomics
MS151767QE_Bruno_Lyden_Yoneda_brain_tropic_1,0.0,2.7246056416357845e-05,0.08589363839801659,EV_proteomics
MS151767QE_Bruno_Lyden_Yoneda_brain_tropic_2,0.0,5.545412572016883e-05,0.17482003815519714,EV_proteomics
MS151767QE_Bruno_Lyden_Yoneda_brain_tropic_3,0.0,4.247252133446217e-05,0.1338953180455172,EV_proteomics
MS151786QE_Jonathan_Jarnagin_bile_130,4.508673407455107e-05,0.0,0.06107981976597177,EV_proteomics
MS151786QE_Jonathan_Jarnagin_bile_138,6.378521076526798e-05,3.143985135678945e-06,0.09632245122645117,EV_proteomics
MS151786QE_Jonathan_Jarnagin_bile_303,2.0520036872545853e-05,0.0,0.027798867660136138,EV_proteomics
MS151786QE_Jonathan_Jarnagin_bile_320,7.995148648745355e-05,0.0,0.10831173481318106,EV_proteomics
MS151786QE_Jonathan_Jarnagin_bile_322,8.011091758359755e-05,0.0,0.10852771902267083,EV_proteomics
MS151786QE_Jonathan_Jarnagin_bile_428,1.639464509458915e-05,0.0,0.022210124287307877,EV_proteomics
MS151786QE_Jonathan_Jarnagin_bile_440,0.00016100299886973604,0.0,0.21811369473965056,EV_proteomics
MS151786QE_Jonathan_Jarnagin_bile_449,3.762059018291503e-05,0.0,0.05096529866329239,EV_proteomics
MS151786QE_Jonathan_Jarnagin_bile_453,0.0003742467799888992,3.242629479699545e-05,0.6092233532002452,EV_proteomics
MS151786QE_Jonathan_Jarnagin_bile_463,3.7271672966707243e-06,0.0,0.005049261415604959,EV_proteomics
MS151786QE_Jonathan_Jarnagin_bile_468,4.22108578553986e-06,0.0,0.005718381787671038,EV_proteomics
MS151786QE_Jonathan_Jarnagin_bile_478,8.766859496590774e-06,0.0,0.011876624221216542,EV_proteomics
MS151786QE_Jonathan_Jarnagin_bile_530,0.000460480859323539,0.0,0.5833319776428992,EV_proteomics
MS151786QE_Jonathan_Jarnagin_bile_93,3.836725947296527e-05,0.0,0.0519768251487913,EV_proteomics
MS151786QE_Jonathan_Jarnagin_bile_94,6.40018739588458e-05,0.0,0.08670450424789762,EV_proteomics
MS151831QE_Bruno_Lyden_MDA-MB-468_repeat,3.33005315519334e-05,5.586855688929462e-05,0.22123937575233513,EV_proteomics
MS151831QE_Bruno_Lyden_MDA_MB_468,1.6079347792334042e-05,0.0001313982143835657,0.436018004844061,EV_proteomics
MS151860QE_Bruno_Lyden_3_lung,0.0,6.432087411077221e-06,0.020277260745148025,EV_proteomics
MS151860QE_Bruno_Lyden_4_normal,0.0,3.072821066828831e-05,0.09687118661970574,EV_proteomics
MS151860QE_Bruno_Lyden_5_breast,0.0,2.467801118229779e-05,0.07779783380327625,EV_proteomics
MS151860QE_Bruno_Lyden_6_osteosarcoma,0.0,5.5695092006261674e-05,0.17557968831254417,EV_proteomics
MS152035QE_Bruno_Lyden_1833_bone_tropic_1,0.0,5.497818803764355e-05,0.17331963682818996,EV_proteomics
MS152035QE_Bruno_Lyden_1833_bone_tropic_1_b,3.730336599758501e-06,5.419313561616146e-05,0.17589830115999075,EV_proteomics
MS152035QE_Bruno_Lyden_1833_bone_tropic_2,0.0,4.267122334242017e-05,0.13452172937491083,EV_proteomics
MS152035QE_Bruno_Lyden_1833_bone_tropic_2_b,3.4203870027784495e-06,7.234481760120526e-05,0.23270188108229242,EV_proteomics
MS152035QE_Bruno_Lyden_1833_bone_tropic_3,0.0,7.263747984719007e-05,0.2289908430341488,EV_proteomics
MS152035QE_Bruno_Lyden_1833_bone_tropic_3_b,2.795745712623065e-06,4.1884820282552374e-05,0.13583002850163423,EV_proteomics
MS152072QEp_Jonathan_Jarnagin_patient1_RB_pancreas_tumor,0.0,3.7710711704317296e-05,0.11888363531824009,EV_proteomics
MS152072QEp_Jonathan_Jarnagin_patient2_NS_pancreas_tumor,0.0,5.518912082622373e-05,0.17398460589350076,EV_proteomics
MS152072QEp_Jonathan_Jarnagin_patient3_JD_pancreas_tumor,0.0,4.622114815721765e-05,0.1457129254042671,EV_proteomics
MS152072QEp_Jonathan_Jarnagin_patient5_VC_pancreas_duct,0.00020812817376659893,0.0,0.2819550274114924,EV_proteomics
MS162268QEp_Bruno_Lyden_PBMC,0.0,4.636994549581769e-06,0.014618201144743574,EV_proteomics
MS162299QEp_Bruno_Lyden_SKNHM_2ndrun,3.97254903356993e-05,4.3728469549891684e-05,0.19167156056725496,EV_proteomics
MS162299QEp_Bruno_Lyden_SKNJC2_2ndrun,0.00010180560460521769,6.765497713127234e-05,0.35120132837742524,EV_proteomics
MS162311QEp_Bruno_Lyden_OSA_2ndrun,1.3935296110870718e-06,1.4460844026559087e-05,0.047475887209931705,EV_proteomics
MS162429QEp_Ayuko_Lyden_CHLA15,1.709707787924275e-05,1.6954505232302386e-05,0.07661107776937773,EV_proteomics
MS162429QEp_Ayuko_Lyden_CHLA20,2.115105324426429e-05,2.1235386722023646e-05,0.09559862092711219,EV_proteomics
MS162509QEp_Ayuko_Lyden_SKNHM-BT1,0.0,3.493411800357166e-05,0.11013037827195166,EV_proteomics
MS162600QEp_Ayuko_Lyden_TS_MD,0.0,8.336428356777725e-05,0.26280726717505487,EV_proteomics
MS162600QEp_Ayuko_Lyden_TS_diff,3.4632497611968646e-06,6.961712177290316e-05,0.22416084233793426,EV_proteomics
MS162639QEp_Ayuko_Lyden_parental_a,0.0,4.480856281097879e-05,0.1412597270007237,EV_proteomics
MS162642QEp_Ayuko_Lyden_5666,0.0,1.643547956315285e-05,0.051813118086619384,EV_proteomics
MS162642QEp_Ayuko_Lyden_5667,0.0,3.294331172959666e-05,0.10385432893827089,EV_proteomics
MS162642QEp_Ayuko_Lyden_6061,0.0,5.1312457120307386e-05,0.16176336016684287,EV_proteomics
MS162694QEp_Ayuko_Lyden_HepD_liver,0.0,2.1779011869896453e-05,0.0686586910645861,EV_proteomics
MS162763QEp_Jonathan_Jarnagin_21CS,0.0,3.2971802337103275e-06,0.010394414604433267,EV_proteomics
MS162763QEp_Jonathan_Jarnagin_29AD,0.0,5.691332563629711e-06,0.01794201897525891,EV_proteomics
MS162824QEp_Ayuko_Lyden_lung_cancer_bone_met_15,0.0,0.00010282766423454952,0.3241658930050664,EV_proteomics
MS162824QEp_Ayuko_Lyden_lung_cancer_bone_met_16,2.2813523447105125e-05,2.64972246741243e-05,0.11443882977667985,EV_proteomics
MS162858LUM_ayuko_lyden_WERI_Easysprayer-1h-OT_a,0.0,3.7642171485957036e-05,0.11866756115904462,EV_proteomics
MS162858QEp_Ayuko_Lyden_WERI,0.0,4.5165077396947364e-05,0.14238364506295081,EV_proteomics
MS162858QEp_Ayuko_Lyden_Y79,0.0,4.552039670987536e-05,0.14350379500737162,EV_proteomics
MS162879QEp_Ayuko_Lyden_WE002_normal,0.0,3.537709177120986e-05,0.1115268603182297,EV_proteomics
MS162879QEp_Ayuko_Lyden_WE002_tumor,0.0,3.560339910776645e-05,0.11224029789745091,EV_proteomics
MS162879QEp_Ayuko_Lyden_WE004_tumor,0.0,9.116925459376681e-05,0.2874125659665106,EV_proteomics
MS162879QEp_Ayuko_Lyden_WE005_tumor,0.0,4.221288928729834e-05,0.1330768237711591,EV_proteomics
MS172982QEp_Ayuko_Lyden_MCF_10CA_1D,0.0,4.412831903158659e-06,0.013911524736239578,EV_proteomics
MS172982QEp_Ayuko_Lyden_N253_LEP,0.0,2.5088415537216735e-05,0.07909164024336038,EV_proteomics
MS172982QEp_Ayuko_Lyden_N253_MEP,0.0,1.832258400255376e-05,0.057762245691004674,EV_proteomics
MS172982QEp_Ayuko_Lyden_N255_MEP,0.0,2.1259210887241417e-05,0.06702000996663829,EV_proteomics
MS172982QEp_Ayuko_Lyden_N274_MEP,0.0,1.2409338659252962e-05,0.03912064304896882,EV_proteomics
MS172982QEp_Ayuko_Lyden_N274_fibroblast,0.0,3.926530652251706e-06,0.012378452090437258,EV_proteomics
MS173080QEp_Ayuko_Lyden_10CF_tumor_pancreas,0.0,2.2967028905514862e-05,0.07240393419660968,EV_proteomics
MS173080QEp_Ayuko_Lyden_11DB_tumor_pancreas,0.0,0.00010581411822067574,0.3335807380327906,EV_proteomics
MS173080QEp_Ayuko_Lyden_41_tumor_pancreas,0.0,4.205265388929089e-05,0.13257167905866593,EV_proteomics
MS173080QEp_Ayuko_Lyden_43_tumor_pancreas,0.0,1.0275422204949608e-05,0.03239343653157105,EV_proteomics
MS173080QEp_Ayuko_Lyden_45ID_benign_cyst,0.0,3.8654816019172765e-05,0.12185993960943715,EV_proteomics
MS173080QEp_Ayuko_Lyden_9CF_normal_pancreas,0.0,1.17528898365634e-05,0.037051177400756745,EV_proteomics
MS173080QEp_Ayuko_Lyden_9CF_tumor_pancreas,0.0,6.52241445794618e-05,0.2056201823748975,EV_proteomics
MS173176QEp_Ayuko_Lyden_P01-001-T01,3.2703219726701783e-06,1.0420428170955743e-05,0.03728093494579758,EV_proteomics
MS173176QEp_Ayuko_Lyden_P01-002-T01,0.0,3.0429036333416605e-05,0.09592803463672704,EV_proteomics
MS173176QEp_Ayuko_Lyden_P01-005-NT01,0.0,2.6649213819637596e-05,0.084012082351893,EV_proteomics
MS173259QEp_Ayuko_Lyden_P01-007-NK,0.0,1.020294686279969e-06,0.0032164956830278927,EV_proteomics
MS173259QEp_Ayuko_Lyden_P01-007-T01,0.0,7.361969272464941e-06,0.02320872851921308,EV_proteomics
MS173259QEp_Ayuko_Lyden_P01-008-T01,1.862271546264527e-05,0.0001465527769894377,0.44189204524818204,EV_proteomics
MS173259QEp_Ayuko_Lyden_P01-009-T01,0.0,2.540571205874963e-06,0.00800919227161344,EV_proteomics
MS173259QEp_Ayuko_Lyden_P01-010-T01,2.471101318536745e-06,3.4187761354737105e-05,0.11112512269126205,EV_proteomics
MS173259QEp_Ayuko_Lyden_P01-012-T01,0.0,0.00015766755075287373,0.4166635134558696,EV_proteomics
MS173259QEp_Ayuko_Lyden_P01-015-T01,8.726789888219178e-06,3.7570001379896246e-05,0.13026238491252665,EV_proteomics
MS173259QEp_Ayuko_Lyden_P01-016-T01,0.0,1.1127438394025678e-05,0.0350794315003629,EV_proteomics
MS173259QEp_Ayuko_Lyden_P01-017-T01,2.6038929452424524e-05,0.00012007012760663368,0.4137984526933001,EV_proteomics
MS173269QEp_Katharine_Lyden_SKNHM-BT2_1,0.0,1.1504954094336678e-05,0.03626955591897855,EV_proteomics
MS173343QEp_Fanny_Lyden_124_passage5,0.0,2.5076781024426643e-05,0.0790549622515344,EV_proteomics
MS173343QEp_Fanny_Lyden_168R_passage5,0.0,2.330126482896427e-05,0.07345761841092975,EV_proteomics
MS173343QEp_Fanny_Lyden_240L_passage5,0.0,1.6889870585501262e-05,0.053245593215073835,EV_proteomics
MS173393LUM_Katharine_Lyden_NB_BM3_groupB_2,0.0,1.0057804823145712e-06,0.0031707394176811597,EV_proteomics
MS173427QEp_Han_Lyden_K562,0.0,8.285411426444287e-05,0.261198950103669,EV_proteomics
MS173427QEp_Han_Lyden_NAMALWA,0.0,3.739250243823861e-05,0.11788047540335966,EV_proteomics
MS173449QEp_Daniela_Lyden_MOCK4_1,0.0,2.9530127344274394e-05,0.09309420934890475,EV_proteomics
MS173515QEp_Katharine_Lyden_C42B,0.0,3.0053277553068777e-05,0.0947434489370256,EV_proteomics
MS173515QEp_Katharine_Lyden_LC_bone_met_17,3.4100292985763468e-06,3.456898784326822e-05,0.11359892826464678,EV_proteomics
MS173515QEp_Katharine_Lyden_Renal_bone_met,0.0,5.7123930025139215e-06,0.01800841235323554,EV_proteomics
MS173551QEp_Miho_Lyden_P01-018-T01,0.0,2.1379241821471274e-05,0.06739840944962275,EV_proteomics
MS173551QEp_Miho_Lyden_P01-019-T01-2,0.0,0.0008052738901199832,0.4166635134558696,EV_proteomics
MS173551QEp_Miho_Lyden_P01-020-T01,6.112272675039776e-07,2.116001519756141e-05,0.0675353346437075,EV_proteomics
MS173551QEp_Miho_Lyden_P01-021-T01,0.0,1.0849875515543792e-05,0.034204409987057864,EV_proteomics
MS173551QEp_Miho_Lyden_P01-022-T01-7,0.0,7.487337796939593e-05,0.23603954842728056,EV_proteomics
MS173592QEp_Miho_Lyden_P01-023-T01,0.0,8.46569135422073e-05,0.26688230430738186,EV_proteomics
MS173592QEp_Miho_Lyden_P01-024-T01-TP,0.0,3.171592864547719e-05,0.09998498369460818,EV_proteomics
MS183627QEp_Irina_Lyden_BM_16104713,1.234826329278007e-05,1.660747372235885e-06,0.021963950416696538,EV_proteomics
MS183627QEp_Irina_Lyden_BM_16104714,1.0396405688151098e-05,0.0,0.014084200124058676,EV_proteomics
MS183627QEp_Irina_Lyden_BM_16104716,0.0,4.605528503960502e-06,0.014519003921369043,EV_proteomics
MS183627QEp_Irina_Lyden_BM_16104721,0.0,5.714129596803102e-06,0.018013886995130114,EV_proteomics
MS183627QEp_Irina_Lyden_BM_16105139,6.967079218051254e-05,0.0,0.09438429100457202,EV_proteomics
MS183627QEp_Irina_Lyden_BM_17105147,3.0413791820956075e-06,0.0,0.004120211767284189,EV_proteomics
MS183627QEp_Irina_Lyden_BM_17105177,6.183408191207113e-06,3.593523325127955e-06,0.019705416734376216,EV_proteomics
MS183627QEp_Irina_Lyden_BM_17105181,3.5898359446363415e-05,0.0,0.04863216131938872,EV_proteomics
MS183627QEp_Irina_Lyden_BM_17105182,5.712256903213361e-06,7.307690351331997e-06,0.030776111790582254,EV_proteomics
MS183640QEp_Alberto_Lyden_P11_epithelioid,0.0,1.4404052962678144e-06,0.004540901250939796,EV_proteomics
MS183640QEp_Alberto_Lyden_P9_epithelioid,0.0,2.902812174229985e-06,0.009151162847955396,EV_proteomics
MS183658QEp_Linda_Lyden_C2_normal,0.0,1.4006513563812307e-05,0.04415576305364749,EV_proteomics
MS183658QEp_Linda_Lyden_C5_normal,1.0362520962386465e-05,0.0,0.01403829586896003,EV_proteomics
MS183777QEp_Fanny_Lyden_160,0.0,3.0263982906647153e-06,0.009540770100977406,EV_proteomics
MS183777QEp_Fanny_Lyden_200Pa,0.0,8.401870378239266e-06,0.026487033760314006,EV_proteomics
MS183777QEp_Fanny_Lyden_356E,0.0,6.561280199726403e-05,0.2068454312401009,EV_proteomics
MS183777QEp_Fanny_Lyden_RM,0.0,0.00010898294802242092,0.34357052580158304,EV_proteomics
MS183871QEp_Goncalo_Lyden_53_normal,0.0,5.016852788253953e-07,0.0015815710453849585,EV_proteomics
MS183871QEp_Goncalo_Lyden_53_tumor,0.0,3.799265845177534e-05,0.11977247705018038,EV_proteomics
MS183871QEp_Goncalo_Lyden_55_normal,0.0,2.4912444456150972e-05,0.07853688853270561,EV_proteomics
MS183871QEp_Goncalo_Lyden_55_tumor,0.0,1.5690271635857688e-05,0.04946383790969084,EV_proteomics
MS183871QEp_Goncalo_Lyden_57_normal,0.0,6.761576157979848e-06,0.021315979407775427,EV_proteomics
MS183871QEp_Goncalo_Lyden_57_tumor,0.0,3.335771367784907e-05,0.10516073785671004,EV_proteomics
MS183871QEp_Goncalo_Lyden_58_normal,4.554958261004966e-05,3.064278447804836e-06,0.07136703702216673,EV_proteomics
MS183871QEp_Goncalo_Lyden_58_tumor,3.103464044511881e-06,4.934205111994773e-06,0.019759481564016253,EV_proteomics
MS183871QEp_Goncalo_Lyden_60_normal,2.6919686209915067e-05,1.5331438743250267e-05,0.08480120051513035,EV_proteomics
MS183871QEp_Goncalo_Lyden_60_tumor,0.0,2.863184805674637e-05,0.09026236920571848,EV_proteomics
MS183871QEp_Goncalo_Lyden_62_normal,0.0,3.299407940399811e-05,0.10401437486200789,EV_proteomics
MS183871QEp_Goncalo_Lyden_62_tumor,0.0,1.2140525486708213e-05,0.03827320512671156,EV_proteomics
MS183873QEp_Ayuko_Lyden_Brown_lab_exo_normal_020316,1.0398713263441092e-05,0.0,0.014087326238329367,EV_proteomics
MS183873QEp_Ayuko_Lyden_Brown_lab_exo_normal_042716,2.7925628670685333e-06,2.4413199219620647e-06,0.011479436749954398,EV_proteomics
MS183912QEp_Ayuko_Lyden_BR19,1.7863837567636373e-05,1.1752154676773787e-05,0.0612493258848323,EV_proteomics
MS184039QEp_Linda_Lyden_44_tumor,0.0,7.392438945644485e-07,0.0023304784662171747,EV_proteomics
MS184039QEp_Linda_Lyden_58_tumor,0.0,1.3573830710447581e-05,0.042791723282900374,EV_proteomics
MS184039QEp_Linda_Lyden_67_tumor,0.0,2.917203939794191e-05,0.09196533124240179,EV_proteomics
MS184039QEp_Linda_Lyden_71_tumor,0.0,1.211617464658767e-05,0.03819643870503059,EV_proteomics
MS184052QEp_Fanny_Lyden_097_human_cell,0.0,4.3097691568153846e-06,0.01358661774304254,EV_proteomics
MS184052QEp_Fanny_Lyden_122L_human_cell,0.0,2.0655238062067795e-05,0.06511597575871725,EV_proteomics
MS184052QEp_Fanny_Lyden_173P_human_cell,0.0,7.925994206884659e-06,0.024986826348278222,EV_proteomics
MS184052QEp_Fanny_Lyden_173T_human_cell,0.0,9.736156566680952e-06,0.030693392788502433,EV_proteomics
MS184052QEp_Fanny_Lyden_1788_human_breast,0.0,3.601654225326119e-05,0.11354273841961171,EV_proteomics
MS184052QEp_Fanny_Lyden_1806_human_breast,0.0,4.3768821015607366e-05,0.13798192398827308,EV_proteomics
MS184052QEp_Fanny_Lyden_JS0018_human_breast,0.0,3.2303861685494414e-05,0.10183845221753055,EV_proteomics
MS184454QEp_Goncalo_Lyden_127_CN_b,3.946561034840299e-05,7.604747225409195e-06,0.0774388710687399,EV_proteomics
MS184454QEp_Goncalo_Lyden_127_FN_b,0.0,1.3514917484917166e-06,0.00426059983760279,EV_proteomics
MS184454QEp_Goncalo_Lyden_127_T_b,0.0,4.157805840764241e-05,0.13107550904187137,EV_proteomics
MS184454QEp_Goncalo_Lyden_128_CN_b,0.0,8.740591562937246e-06,0.027554857834066155,EV_proteomics
MS184454QEp_Goncalo_Lyden_128_FN_b,3.5904351890165455e-06,0.0,0.004864027939214113,EV_proteomics
MS184454QEp_Goncalo_Lyden_128_T_b,0.0,1.3822141092195963e-05,0.043574525821896956,EV_proteomics
MS184454QEp_Goncalo_Lyden_130_CN_b,0.0,1.0691791475454532e-05,0.033706047465582194,EV_proteomics
MS184454QEp_Goncalo_Lyden_130_FN_b,0.0,2.2768994690030663e-05,0.07177962809390989,EV_proteomics
MS184454QEp_Goncalo_Lyden_130_T_c,0.0,2.5729648760936863e-06,0.008111313846700581,EV_proteomics
MS184454QEp_Goncalo_Lyden_131_CN_b,0.0,1.3205190424990304e-05,0.04162957875474771,EV_proteomics
MS184454QEp_Goncalo_Lyden_131_FN,1.3356931864161353e-05,9.509502408649126e-06,0.04807374070042114,EV_proteomics
MS184454QEp_Goncalo_Lyden_131_T_b,0.0,4.8697879102635425e-05,0.1535208602108313,EV_proteomics
MS184454QEp_Goncalo_Lyden_135_CN,0.0,1.727629053544506e-05,0.05446378842626503,EV_proteomics
MS184454QEp_Goncalo_Lyden_135_FN,0.0,1.0967297694565095e-05,0.03457458532658728,EV_proteomics
MS184454QEp_Goncalo_Lyden_135_T,0.0,2.58641822140811e-05,0.08153725737802262,EV_proteomics
MS184454QEp_Goncalo_Lyden_137_CN,0.0,1.68907025801721e-05,0.053248216091878964,EV_proteomics
MS184454QEp_Goncalo_Lyden_137_FN,0.0,1.4831639287637456e-05,0.04675698539100523,EV_proteomics
MS184454QEp_Goncalo_Lyden_137_T,0.0,1.0670590922814883e-05,0.03363921237670031,EV_proteomics
MS184454QEp_Goncalo_Lyden_141_CN,7.986472473207975e-06,1.3804644610787883e-05,0.054338787586451956,EV_proteomics
MS184454QEp_Goncalo_Lyden_141_FN,0.0,1.8108761969021736e-05,0.05708816823373633,EV_proteomics
MS184454QEp_Goncalo_Lyden_141_T,0.0,4.150019741628951e-05,0.1308300509933972,EV_proteomics
MS184454QEp_Goncalo_Lyden_142_CN,1.530780025528002e-05,1.2638152857401843e-05,0.060579739340337765,EV_proteomics
MS184454QEp_Goncalo_Lyden_142_FN,0.0,8.909763300278422e-06,0.028088174502441814,EV_proteomics
MS184454QEp_Goncalo_Lyden_142_T,0.0,9.491923387055188e-06,0.029923443695870498,EV_proteomics
MS184612LUM_haiying_lyden_P01-025-T01_a,0.0,9.323650127953058e-06,0.029392959494835943,EV_proteomics
MS184612LUM_haiying_lyden_P01-026-T01_a,0.0,6.955945073275593e-05,0.21928730591693704,EV_proteomics
MS184612LUM_haiying_lyden_P01-028-T01-Part1_a,0.0,2.5877578226133407e-05,0.08157948852507792,EV_proteomics
MS184612LUM_haiying_lyden_P01-029-T01-Part1_a,0.0,6.296006342048605e-05,0.19848262949748102,EV_proteomics
MS184612LUM_haiying_lyden_P01-033-T01_a,4.8583755357910334e-05,5.345852975487403e-06,0.08267018711007773,EV_proteomics
MS184612LUM_haiying_lyden_P01-035-T01_a,0.0,8.145647958689213e-05,0.25679288392764815,EV_proteomics
